Workbook
Name B: 'Tke lop mon'!$A$4:$N$13
Name B: #REF!

Sheet FPOLY_VIE1016
A1: Student ID | B1: Email | C1: Username | D1: Grade | E1: Quiz 1: Quiz 1 - SU21 | F1: Quiz 2: Quiz 2 - SU21 | G1: Quiz 3: Quiz 3 - SU21 | H1: Quiz 4: Quiz 4 - SU21 | I1: Quiz 5: Quiz 5 - SU21 | J1: Quiz 6: Quiz 6 - SU21 | K1: Quiz 7: Quiz 7 - SU21 | L1: Quiz 8: Quiz 8 - SU21 | M1: Quiz 9: Quiz 9 - SU21 | N1: Quiz 10: Quiz 10 - SU21 | O1: Quiz 11: Quiz 11 - SU21 | P1: Quiz 12: Quiz 12 - SU21 | Q1: Quiz 13: Quiz 13 - SU21 | R1: Quiz 14: Quiz 14 - SU21 | S1: Quiz (Avg) | T1: Assignment | U1: Final Test | V1: Enrollment Track | W1: Verification Status | X1: Certificate Eligible | Y1: Certificate Delivered | Z1: Certificate Type | AA1: Enrollment Status | AB1: å Quiz | AC1: å Quiz (Chưa học) | AD1: å Quiz (Đang học) | AE1: å Quiz (Đã đạt) | AF1: Tổng số Sv chưa tham gia học | AG1: Pass Quiz | AH1: ASM đạt | AI1: Điều kiện dự thi | AJ1: Lớp
A2: hanth17 | B2: hanth17@fpt.edu.vn | C2: hanth17 | D2: 0 | E2: Not Attempted | F2: Not Attempted | G2: Not Attempted | H2: Not Attempted | I2: Not Attempted | J2: Not Attempted | K2: Not Attempted | L2: Not Attempted | M2: Not Attempted | N2: Not Attempted | O2: Not Attempted | P2: Not Attempted | Q2: Not Attempted | R2: Not Attempted | S2: 0 | T2: Not Attempted | U2: Not Attempted | V2: audit | W2: N/A | X2: N | Y2: N | Z2: N/A | AA2: enrolled | AB2: 14 | AC2: =COUNTIF(E2:R2,"Not Attempted") -> 14 | AD2: =AB2-AC2-AE2 -> 0 | AE2: =COUNTIF(E2:R2,1) -> 0 | AF2: =IF(AC2=14,"Chưa tham gia học lần nào","") -> Chưa tham gia học lần nào | AG2: =IF(AND(MIN(E2:R2)>=1,COUNT(E2:R2)=COUNTA(E2:R2)),"Pass","Fail") -> Fail | AH2: =COUNT(T2,">=0.5") -> 0 | AI2: =IF(AND(AG2="Pass",AH2>=0.5),"Đủ Điều kiện dự thi","Fail") -> Fail | AJ2: =VLOOKUP(A2,'DSSV VIE1016'!$B$2:$D$55,3,0) -> #N/A
A3: dungptm | B3: DungPTM@fpt.edu.vn | C3: dungptm | D3: 0 | E3: Not Attempted | F3: Not Attempted | G3: Not Attempted | H3: Not Attempted | I3: Not Attempted | J3: Not Attempted | K3: Not Attempted | L3: Not Attempted | M3: Not Attempted | N3: Not Attempted | O3: Not Attempted | P3: Not Attempted | Q3: Not Attempted | R3: Not Attempted | S3: 0 | T3: Not Attempted | U3: Not Attempted | V3: audit | W3: N/A | X3: N | Y3: N | Z3: N/A | AA3: enrolled | AB3: 14 | AC3: =COUNTIF(E3:R3,"Not Attempted") -> 14 | AD3: =AB3-AC3-AE3 -> 0 | AE3: =COUNTIF(E3:R3,1) -> 0 | AF3: =IF(AC3=14,"Chưa tham gia học lần nào","") -> Chưa tham gia học lần nào | AG3: =IF(AND(MIN(E3:R3)>=1,COUNT(E3:R3)=COUNTA(E3:R3)),"Pass","Fail") -> Fail | AH3: =COUNT(T3,">=0.5") -> 0 | AI3: =IF(AND(AG3="Pass",AH3>=0.5),"Đủ Điều kiện dự thi","Fail") -> Fail | AJ3: =VLOOKUP(A3,'DSSV VIE1016'!$B$2:$D$55,3,0) -> #N/A
A4: pc02743 | B4: anhthpc02743@fpt.edu.vn | C4: anhthpc02743 | D4: 3 | E4: 1 | F4: 1 | G4: 1 | H4: 1 | I4: 1 | J4: 1 | K4: 1 | L4: 1 | M4: 1 | N4: 1 | O4: 1 | P4: 1 | Q4: 1 | R4: 1 | S4: 1 | T4: 1 | U4: 1 | V4: audit | W4: N/A | X4: N | Y4: N | Z4: N/A | AA4: enrolled | AB4: 14 | AC4: =COUNTIF(E4:R4,"Not Attempted") -> 0 | AD4: =AB4-AC4-AE4 -> 0 | AE4: =COUNTIF(E4:R4,1) -> 14 | AF4: =IF(AC4=14,"Chưa tham gia học lần nào","") | AG4: =IF(AND(MIN(E4:R4)>=1,COUNT(E4:R4)=COUNTA(E4:R4)),"Pass","Fail") -> Pass | AH4: =COUNT(T4,">=0.5") -> 1 | AI4: =IF(AND(AG4="Pass",AH4>=0.5),"Đủ Điều kiện dự thi","Fail") -> Đủ Điều kiện dự thi | AJ4: =VLOOKUP(A4,'DSSV VIE1016'!$B$2:$D$55,3,0) -> #N/A
A5: ph17782 | B5: quynhdtdph17782@fpt.edu.vn | C5: quynhdtdph17782 | D5: 3 | E5: 1 | F5: 1 | G5: 1 | H5: 1 | I5: 1 | J5: 1 | K5: 1 | L5: 1 | M5: 1 | N5: 1 | O5: 1 | P5: 1 | Q5: 1 | R5: 1 | S5: 1 | T5: 1 | U5: 1 | V5: audit | W5: N/A | X5: N | Y5: N | Z5: N/A | AA5: enrolled | AB5: 14 | AC5: =COUNTIF(E5:R5,"Not Attempted") -> 0 | AD5: =AB5-AC5-AE5 -> 0 | AE5: =COUNTIF(E5:R5,1) -> 14 | AF5: =IF(AC5=14,"Chưa tham gia học lần nào","") | AG5: =IF(AND(MIN(E5:R5)>=1,COUNT(E5:R5)=COUNTA(E5:R5)),"Pass","Fail") -> Pass | AH5: =COUNT(T5,">=0.5") -> 1 | AI5: =IF(AND(AG5="Pass",AH5>=0.5),"Đủ Điều kiện dự thi","Fail") -> Đủ Điều kiện dự thi | AJ5: =VLOOKUP(A5,'DSSV VIE1016'!$B$2:$D$55,3,0) -> #N/A
A6: ph13993 | B6: dainnph13993@fpt.edu.vn | C6: dainnph13993 | D6: 0 | E6: Not Attempted | F6: Not Attempted | G6: Not Attempted | H6: Not Attempted | I6: Not Attempted | J6: Not Attempted | K6: Not Attempted | L6: Not Attempted | M6: Not Attempted | N6: Not Attempted | O6: Not Attempted | P6: Not Attempted | Q6: Not Attempted | R6: Not Attempted | S6: 0 | T6: Not Attempted | U6: Not Attempted | V6: audit | W6: N/A | X6: N | Y6: N | Z6: N/A | AA6: enrolled | AB6: 14 | AC6: =COUNTIF(E6:R6,"Not Attempted") -> 14 | AD6: =AB6-AC6-AE6 -> 0 | AE6: =COUNTIF(E6:R6,1) -> 0 | AF6: =IF(AC6=14,"Chưa tham gia học lần nào","") -> Chưa tham gia học lần nào | AG6: =IF(AND(MIN(E6:R6)>=1,COUNT(E6:R6)=COUNTA(E6:R6)),"Pass","Fail") -> Fail | AH6: =COUNT(T6,">=0.5") -> 0 | AI6: =IF(AND(AG6="Pass",AH6>=0.5),"Đủ Điều kiện dự thi","Fail") -> Fail | AJ6: =VLOOKUP(A6,'DSSV VIE1016'!$B$2:$D$55,3,0) -> #N/A
A7: ph16793 | B7: kimdtph16793@fpt.edu.vn | C7: kimdtph16793 | D7: 3 | E7: 1 | F7: 1 | G7: 1 | H7: 1 | I7: 1 | J7: 1 | K7: 1 | L7: 1 | M7: 1 | N7: 1 | O7: 1 | P7: 1 | Q7: 1 | R7: 1 | S7: 1 | T7: 1 | U7: 1 | V7: audit | W7: N/A | X7: N | Y7: N | Z7: N/A | AA7: enrolled | AB7: 14 | AC7: =COUNTIF(E7:R7,"Not Attempted") -> 0 | AD7: =AB7-AC7-AE7 -> 0 | AE7: =COUNTIF(E7:R7,1) -> 14 | AF7: =IF(AC7=14,"Chưa tham gia học lần nào","") | AG7: =IF(AND(MIN(E7:R7)>=1,COUNT(E7:R7)=COUNTA(E7:R7)),"Pass","Fail") -> Pass | AH7: =COUNT(T7,">=0.5") -> 1 | AI7: =IF(AND(AG7="Pass",AH7>=0.5),"Đủ Điều kiện dự thi","Fail") -> Đủ Điều kiện dự thi | AJ7: =VLOOKUP(A7,'DSSV VIE1016'!$B$2:$D$55,3,0) -> #N/A
A8: ps13915 | B8: hiendtmps13915@fpt.edu.vn | C8: hiendtmps13915 | D8: 0 | E8: Not Attempted | F8: Not Attempted | G8: Not Attempted | H8: Not Attempted | I8: Not Attempted | J8: Not Attempted | K8: Not Attempted | L8: Not Attempted | M8: Not Attempted | N8: Not Attempted | O8: Not Attempted | P8: Not Attempted | Q8: Not Attempted | R8: Not Attempted | S8: 0 | T8: Not Attempted | U8: Not Attempted | V8: audit | W8: N/A | X8: N | Y8: N | Z8: N/A | AA8: enrolled | AB8: 14 | AC8: =COUNTIF(E8:R8,"Not Attempted") -> 14 | AD8: =AB8-AC8-AE8 -> 0 | AE8: =COUNTIF(E8:R8,1) -> 0 | AF8: =IF(AC8=14,"Chưa tham gia học lần nào","") -> Chưa tham gia học lần nào | AG8: =IF(AND(MIN(E8:R8)>=1,COUNT(E8:R8)=COUNTA(E8:R8)),"Pass","Fail") -> Fail | AH8: =COUNT(T8,">=0.5") -> 0 | AI8: =IF(AND(AG8="Pass",AH8>=0.5),"Đủ Điều kiện dự thi","Fail") -> Fail | AJ8: =VLOOKUP(A8,'DSSV VIE1016'!$B$2:$D$55,3,0) -> #N/A
A9: ph12530 | B9: haidmph12530@fpt.edu.vn | C9: haidmph12530 | D9: 0 | E9: Not Attempted | F9: Not Attempted | G9: Not Attempted | H9: Not Attempted | I9: Not Attempted | J9: Not Attempted | K9: Not Attempted | L9: Not Attempted | M9: Not Attempted | N9: Not Attempted | O9: Not Attempted | P9: Not Attempted | Q9: Not Attempted | R9: Not Attempted | S9: 0 | T9: Not Attempted | U9: Not Attempted | V9: audit | W9: N/A | X9: N | Y9: N | Z9: N/A | AA9: enrolled | AB9: 14 | AC9: =COUNTIF(E9:R9,"Not Attempted") -> 14 | AD9: =AB9-AC9-AE9 -> 0 | AE9: =COUNTIF(E9:R9,1) -> 0 | AF9: =IF(AC9=14,"Chưa tham gia học lần nào","") -> Chưa tham gia học lần nào | AG9: =IF(AND(MIN(E9:R9)>=1,COUNT(E9:R9)=COUNTA(E9:R9)),"Pass","Fail") -> Fail | AH9: =COUNT(T9,">=0.5") -> 0 | AI9: =IF(AND(AG9="Pass",AH9>=0.5),"Đủ Điều kiện dự thi","Fail") -> Fail | AJ9: =VLOOKUP(A9,'DSSV VIE1016'!$B$2:$D$55,3,0) -> #N/A
A10: pg00556 | B10: thaodttpg00556@fpt.edu.vn | C10: thaodttpg00556 | D10: 0 | E10: Not Attempted | F10: Not Attempted | G10: Not Attempted | H10: Not Attempted | I10: Not Attempted | J10: Not Attempted | K10: Not Attempted | L10: Not Attempted | M10: Not Attempted | N10: Not Attempted | O10: Not Attempted | P10: Not Attempted | Q10: Not Attempted | R10: Not Attempted | S10: 0 | T10: Not Attempted | U10: Not Attempted | V10: audit | W10: N/A | X10: N | Y10: N | Z10: N/A | AA10: enrolled | AB10: 14 | AC10: =COUNTIF(E10:R10,"Not Attempted") -> 14 | AD10: =AB10-AC10-AE10 -> 0 | AE10: =COUNTIF(E10:R10,1) -> 0 | AF10: =IF(AC10=14,"Chưa tham gia học lần nào","") -> Chưa tham gia học lần nào | AG10: =IF(AND(MIN(E10:R10)>=1,COUNT(E10:R10)=COUNTA(E10:R10)),"Pass","Fail") -> Fail | AH10: =COUNT(T10,">=0.5") -> 0 | AI10: =IF(AND(AG10="Pass",AH10>=0.5),"Đủ Điều kiện dự thi","Fail") -> Fail | AJ10: =VLOOKUP(A10,'DSSV VIE1016'!$B$2:$D$55,3,0) -> #N/A
A11: ph16985 | B11: baudmph16985@fpt.edu.vn | C11: baudmph16985 | D11: 3 | E11: 1 | F11: 1 | G11: 1 | H11: 1 | I11: 1 | J11: 1 | K11: 1 | L11: 1 | M11: 1 | N11: 1 | O11: 1 | P11: 1 | Q11: 1 | R11: 1 | S11: 1 | T11: 1 | U11: 1 | V11: audit | W11: N/A | X11: N | Y11: N | Z11: N/A | AA11: enrolled | AB11: 14 | AC11: =COUNTIF(E11:R11,"Not Attempted") -> 0 | AD11: =AB11-AC11-AE11 -> 0 | AE11: =COUNTIF(E11:R11,1) -> 14 | AF11: =IF(AC11=14,"Chưa tham gia học lần nào","") | AG11: =IF(AND(MIN(E11:R11)>=1,COUNT(E11:R11)=COUNTA(E11:R11)),"Pass","Fail") -> Pass | AH11: =COUNT(T11,">=0.5") -> 1 | AI11: =IF(AND(AG11="Pass",AH11>=0.5),"Đủ Điều kiện dự thi","Fail") -> Đủ Điều kiện dự thi | AJ11: =VLOOKUP(A11,'DSSV VIE1016'!$B$2:$D$55,3,0) -> #N/A
A12: ph12649 | B12: vanntph12649@fpt.edu.vn | C12: vanntph12649 | D12: 0 | E12: Not Attempted | F12: Not Attempted | G12: Not Attempted | H12: Not Attempted | I12: Not Attempted | J12: Not Attempted | K12: Not Attempted | L12: Not Attempted | M12: Not Attempted | N12: Not Attempted | O12: Not Attempted | P12: Not Attempted | Q12: Not Attempted | R12: Not Attempted | S12: 0 | T12: Not Attempted | U12: Not Attempted | V12: audit | W12: N/A | X12: N | Y12: N | Z12: N/A | AA12: enrolled | AB12: 14 | AC12: =COUNTIF(E12:R12,"Not Attempted") -> 14 | AD12: =AB12-AC12-AE12 -> 0 | AE12: =COUNTIF(E12:R12,1) -> 0 | AF12: =IF(AC12=14,"Chưa tham gia học lần nào","") -> Chưa tham gia học lần nào | AG12: =IF(AND(MIN(E12:R12)>=1,COUNT(E12:R12)=COUNTA(E12:R12)),"Pass","Fail") -> Fail | AH12: =COUNT(T12,">=0.5") -> 0 | AI12: =IF(AND(AG12="Pass",AH12>=0.5),"Đủ Điều kiện dự thi","Fail") -> Fail | AJ12: =VLOOKUP(A12,'DSSV VIE1016'!$B$2:$D$55,3,0) -> #N/A
A13: ph11496 | B13: tunglvph11496@fpt.edu.vn | C13: tunglvph11496 | D13: 2 | E13: 1 | F13: 1 | G13: 1 | H13: 1 | I13: 1 | J13: 1 | K13: 1 | L13: 1 | M13: 1 | N13: 1 | O13: 1 | P13: 1 | Q13: 1 | R13: 1 | S13: 1 | T13: 1 | U13: Not Attempted | V13: audit | W13: N/A | X13: N | Y13: N | Z13: N/A | AA13: enrolled | AB13: 14 | AC13: =COUNTIF(E13:R13,"Not Attempted") -> 0 | AD13: =AB13-AC13-AE13 -> 0 | AE13: =COUNTIF(E13:R13,1) -> 14 | AF13: =IF(AC13=14,"Chưa tham gia học lần nào","") | AG13: =IF(AND(MIN(E13:R13)>=1,COUNT(E13:R13)=COUNTA(E13:R13)),"Pass","Fail") -> Pass | AH13: =COUNT(T13,">=0.5") -> 1 | AI13: =IF(AND(AG13="Pass",AH13>=0.5),"Đủ Điều kiện dự thi","Fail") -> Đủ Điều kiện dự thi | AJ13: =VLOOKUP(A13,'DSSV VIE1016'!$B$2:$D$55,3,0) -> #N/A
A14: pd03691 | B14: hieplbpd03691@fpt.edu.vn | C14: hieplbpd03691 | D14: 3 | E14: 1 | F14: 1 | G14: 1 | H14: 1 | I14: 1 | J14: 1 | K14: 1 | L14: 1 | M14: 1 | N14: 1 | O14: 1 | P14: 1 | Q14: 1 | R14: 1 | S14: 1 | T14: 1 | U14: 1 | V14: audit | W14: N/A | X14: N | Y14: N | Z14: N/A | AA14: enrolled | AB14: 14 | AC14: =COUNTIF(E14:R14,"Not Attempted") -> 0 | AD14: =AB14-AC14-AE14 -> 0 | AE14: =COUNTIF(E14:R14,1) -> 14 | AF14: =IF(AC14=14,"Chưa tham gia học lần nào","") | AG14: =IF(AND(MIN(E14:R14)>=1,COUNT(E14:R14)=COUNTA(E14:R14)),"Pass","Fail") -> Pass | AH14: =COUNT(T14,">=0.5") -> 1 | AI14: =IF(AND(AG14="Pass",AH14>=0.5),"Đủ Điều kiện dự thi","Fail") -> Đủ Điều kiện dự thi | AJ14: =VLOOKUP(A14,'DSSV VIE1016'!$B$2:$D$55,3,0) -> #N/A
A15: ph12204 | B15: hiepdtnph12204@fpt.edu.vn | C15: hiepdtnph12204 | D15: 2 | E15: 1 | F15: 1 | G15: 1 | H15: 1 | I15: 1 | J15: 1 | K15: 1 | L15: 1 | M15: 1 | N15: 1 | O15: 1 | P15: 1 | Q15: 1 | R15: 1 | S15: 1 | T15: 1 | U15: Not Attempted | V15: audit | W15: N/A | X15: N | Y15: N | Z15: N/A | AA15: enrolled | AB15: 14 | AC15: =COUNTIF(E15:R15,"Not Attempted") -> 0 | AD15: =AB15-AC15-AE15 -> 0 | AE15: =COUNTIF(E15:R15,1) -> 14 | AF15: =IF(AC15=14,"Chưa tham gia học lần nào","") | AG15: =IF(AND(MIN(E15:R15)>=1,COUNT(E15:R15)=COUNTA(E15:R15)),"Pass","Fail") -> Pass | AH15: =COUNT(T15,">=0.5") -> 1 | AI15: =IF(AND(AG15="Pass",AH15>=0.5),"Đủ Điều kiện dự thi","Fail") -> Đủ Điều kiện dự thi | AJ15: =VLOOKUP(A15,'DSSV VIE1016'!$B$2:$D$55,3,0) -> #N/A
A16: pc01645 | B16: nganttpc01645@fpt.edu.vn | C16: nganttpc01645 | D16: 3 | E16: 1 | F16: 1 | G16: 1 | H16: 1 | I16: 1 | J16: 1 | K16: 1 | L16: 1 | M16: 1 | N16: 1 | O16: 1 | P16: 1 | Q16: 1 | R16: 1 | S16: 1 | T16: 1 | U16: 1 | V16: audit | W16: N/A | X16: N | Y16: N | Z16: N/A | AA16: enrolled | AB16: 14 | AC16: =COUNTIF(E16:R16,"Not Attempted") -> 0 | AD16: =AB16-AC16-AE16 -> 0 | AE16: =COUNTIF(E16:R16,1) -> 14 | AF16: =IF(AC16=14,"Chưa tham gia học lần nào","") | AG16: =IF(AND(MIN(E16:R16)>=1,COUNT(E16:R16)=COUNTA(E16:R16)),"Pass","Fail") -> Pass | AH16: =COUNT(T16,">=0.5") -> 1 | AI16: =IF(AND(AG16="Pass",AH16>=0.5),"Đủ Điều kiện dự thi","Fail") -> Đủ Điều kiện dự thi | AJ16: =VLOOKUP(A16,'DSSV VIE1016'!$B$2:$D$55,3,0) -> #N/A
A17: pc02333 | B17: khiemthpc02333@fpt.edu.vn | C17: khiemthpc02333 | D17: 0.07 | E17: 1 | F17: Not Attempted | G17: Not Attempted | H17: Not Attempted | I17: Not Attempted | J17: Not Attempted | K17: Not Attempted | L17: Not Attempted | M17: Not Attempted | N17: Not Attempted | O17: Not Attempted | P17: Not Attempted | Q17: Not Attempted | R17: Not Attempted | S17: 0.071428571 | T17: Not Attempted | U17: Not Attempted | V17: audit | W17: N/A | X17: N | Y17: N | Z17: N/A | AA17: enrolled | AB17: 14 | AC17: =COUNTIF(E17:R17,"Not Attempted") -> 13 | AD17: =AB17-AC17-AE17 -> 0 | AE17: =COUNTIF(E17:R17,1) -> 1 | AF17: =IF(AC17=14,"Chưa tham gia học lần nào","") | AG17: =IF(AND(MIN(E17:R17)>=1,COUNT(E17:R17)=COUNTA(E17:R17)),"Pass","Fail") -> Fail | AH17: =COUNT(T17,">=0.5") -> 0 | AI17: =IF(AND(AG17="Pass",AH17>=0.5),"Đủ Điều kiện dự thi","Fail") -> Fail | AJ17: =VLOOKUP(A17,'DSSV VIE1016'!$B$2:$D$55,3,0) -> #N/A
A18: pc01553 | B18: nhanntpc01553@fpt.edu.vn | C18: nhanntpc01553 | D18: 1.9 | E18: 1 | F18: 1 | G18: 1 | H18: 1 | I18: 1 | J18: 1 | K18: 1 | L18: 1 | M18: 1 | N18: 1 | O18: 1 | P18: 1 | Q18: 1 | R18: 1 | S18: 1 | T18: 0.9 | U18: Not Attempted | V18: audit | W18: N/A | X18: N | Y18: N | Z18: N/A | AA18: enrolled | AB18: 14 | AC18: =COUNTIF(E18:R18,"Not Attempted") -> 0 | AD18: =AB18-AC18-AE18 -> 0 | AE18: =COUNTIF(E18:R18,1) -> 14 | AF18: =IF(AC18=14,"Chưa tham gia học lần nào","") | AG18: =IF(AND(MIN(E18:R18)>=1,COUNT(E18:R18)=COUNTA(E18:R18)),"Pass","Fail") -> Pass | AH18: =COUNT(T18,">=0.5") -> 1 | AI18: =IF(AND(AG18="Pass",AH18>=0.5),"Đủ Điều kiện dự thi","Fail") -> Đủ Điều kiện dự thi | AJ18: =VLOOKUP(A18,'DSSV VIE1016'!$B$2:$D$55,3,0) -> #N/A
A19: ph17948 | B19: anhntqph17948@fpt.edu.vn | C19: anhntqph17948 | D19: 3 | E19: 1 | F19: 1 | G19: 1 | H19: 1 | I19: 1 | J19: 1 | K19: 1 | L19: 1 | M19: 1 | N19: 1 | O19: 1 | P19: 1 | Q19: 1 | R19: 1 | S19: 1 | T19: 1 | U19: 1 | V19: audit | W19: N/A | X19: N | Y19: N | Z19: N/A | AA19: enrolled | AB19: 14 | AC19: =COUNTIF(E19:R19,"Not Attempted") -> 0 | AD19: =AB19-AC19-AE19 -> 0 | AE19: =COUNTIF(E19:R19,1) -> 14 | AF19: =IF(AC19=14,"Chưa tham gia học lần nào","") | AG19: =IF(AND(MIN(E19:R19)>=1,COUNT(E19:R19)=COUNTA(E19:R19)),"Pass","Fail") -> Pass | AH19: =COUNT(T19,">=0.5") -> 1 | AI19: =IF(AND(AG19="Pass",AH19>=0.5),"Đủ Điều kiện dự thi","Fail") -> Đủ Điều kiện dự thi | AJ19: =VLOOKUP(A19,'DSSV VIE1016'!$B$2:$D$55,3,0) -> #N/A
A20: pc02712 | B20: huongkthpc02712@fpt.edu.vn | C20: huongkthpc02712 | D20: 2 | E20: 1 | F20: 1 | G20: 1 | H20: 1 | I20: 1 | J20: 1 | K20: 1 | L20: 1 | M20: 1 | N20: 1 | O20: 1 | P20: 1 | Q20: 1 | R20: 1 | S20: 1 | T20: Not Attempted | U20: 1 | V20: audit | W20: N/A | X20: N | Y20: N | Z20: N/A | AA20: enrolled | AB20: 14 | AC20: =COUNTIF(E20:R20,"Not Attempted") -> 0 | AD20: =AB20-AC20-AE20 -> 0 | AE20: =COUNTIF(E20:R20,1) -> 14 | AF20: =IF(AC20=14,"Chưa tham gia học lần nào","") | AG20: =IF(AND(MIN(E20:R20)>=1,COUNT(E20:R20)=COUNTA(E20:R20)),"Pass","Fail") -> Pass | AH20: =COUNT(T20,">=0.5") -> 0 | AI20: =IF(AND(AG20="Pass",AH20>=0.5),"Đủ Điều kiện dự thi","Fail") -> Fail | AJ20: =VLOOKUP(A20,'DSSV VIE1016'!$B$2:$D$55,3,0) -> #N/A
A21: ph17998 | B21: ngocttbph17998@fpt.edu.vn | C21: ngocttbph17998 | D21: 3 | E21: 1 | F21: 1 | G21: 1 | H21: 1 | I21: 1 | J21: 1 | K21: 1 | L21: 1 | M21: 1 | N21: 1 | O21: 1 | P21: 1 | Q21: 1 | R21: 1 | S21: 1 | T21: 1 | U21: 1 | V21: audit | W21: N/A | X21: N | Y21: N | Z21: N/A | AA21: enrolled | AB21: 14 | AC21: =COUNTIF(E21:R21,"Not Attempted") -> 0 | AD21: =AB21-AC21-AE21 -> 0 | AE21: =COUNTIF(E21:R21,1) -> 14 | AF21: =IF(AC21=14,"Chưa tham gia học lần nào","") | AG21: =IF(AND(MIN(E21:R21)>=1,COUNT(E21:R21)=COUNTA(E21:R21)),"Pass","Fail") -> Pass | AH21: =COUNT(T21,">=0.5") -> 1 | AI21: =IF(AND(AG21="Pass",AH21>=0.5),"Đủ Điều kiện dự thi","Fail") -> Đủ Điều kiện dự thi | AJ21: =VLOOKUP(A21,'DSSV VIE1016'!$B$2:$D$55,3,0) -> #N/A
A22: pc01548 | B22: datntpc01548@fpt.edu.vn | C22: datntpc01548 | D22: 3 | E22: 1 | F22: 1 | G22: 1 | H22: 1 | I22: 1 | J22: 1 | K22: 1 | L22: 1 | M22: 1 | N22: 1 | O22: 1 | P22: 1 | Q22: 1 | R22: 1 | S22: 1 | T22: 1 | U22: 1 | V22: audit | W22: N/A | X22: N | Y22: N | Z22: N/A | AA22: enrolled | AB22: 14 | AC22: =COUNTIF(E22:R22,"Not Attempted") -> 0 | AD22: =AB22-AC22-AE22 -> 0 | AE22: =COUNTIF(E22:R22,1) -> 14 | AF22: =IF(AC22=14,"Chưa tham gia học lần nào","") | AG22: =IF(AND(MIN(E22:R22)>=1,COUNT(E22:R22)=COUNTA(E22:R22)),"Pass","Fail") -> Pass | AH22: =COUNT(T22,">=0.5") -> 1 | AI22: =IF(AND(AG22="Pass",AH22>=0.5),"Đủ Điều kiện dự thi","Fail") -> Đủ Điều kiện dự thi | AJ22: =VLOOKUP(A22,'DSSV VIE1016'!$B$2:$D$55,3,0) -> #N/A
A23: anhvv | B23: anhvv@fpt.edu.vn | C23: anhvv | D23: 0 | E23: Not Attempted | F23: Not Attempted | G23: Not Attempted | H23: Not Attempted | I23: Not Attempted | J23: Not Attempted | K23: Not Attempted | L23: Not Attempted | M23: Not Attempted | N23: Not Attempted | O23: Not Attempted | P23: Not Attempted | Q23: Not Attempted | R23: Not Attempted | S23: 0 | T23: Not Attempted | U23: Not Attempted | V23: audit | W23: N/A | X23: N | Y23: N | Z23: N/A | AA23: enrolled | AB23: 14 | AC23: =COUNTIF(E23:R23,"Not Attempted") -> 14 | AD23: =AB23-AC23-AE23 -> 0 | AE23: =COUNTIF(E23:R23,1) -> 0 | AF23: =IF(AC23=14,"Chưa tham gia học lần nào","") -> Chưa tham gia học lần nào | AG23: =IF(AND(MIN(E23:R23)>=1,COUNT(E23:R23)=COUNTA(E23:R23)),"Pass","Fail") -> Fail | AH23: =COUNT(T23,">=0.5") -> 0 | AI23: =IF(AND(AG23="Pass",AH23>=0.5),"Đủ Điều kiện dự thi","Fail") -> Fail | AJ23: =VLOOKUP(A23,'DSSV VIE1016'!$B$2:$D$55,3,0) -> #N/A
A24: pc02374 | B24: duynhpc02374@fpt.edu.vn | C24: duynhpc02374 | D24: 3 | E24: 1 | F24: 1 | G24: 1 | H24: 1 | I24: 1 | J24: 1 | K24: 1 | L24: 1 | M24: 1 | N24: 1 | O24: 1 | P24: 1 | Q24: 1 | R24: 1 | S24: 1 | T24: 1 | U24: 1 | V24: audit | W24: N/A | X24: N | Y24: N | Z24: N/A | AA24: enrolled | AB24: 14 | AC24: =COUNTIF(E24:R24,"Not Attempted") -> 0 | AD24: =AB24-AC24-AE24 -> 0 | AE24: =COUNTIF(E24:R24,1) -> 14 | AF24: =IF(AC24=14,"Chưa tham gia học lần nào","") | AG24: =IF(AND(MIN(E24:R24)>=1,COUNT(E24:R24)=COUNTA(E24:R24)),"Pass","Fail") -> Pass | AH24: =COUNT(T24,">=0.5") -> 1 | AI24: =IF(AND(AG24="Pass",AH24>=0.5),"Đủ Điều kiện dự thi","Fail") -> Đủ Điều kiện dự thi | AJ24: =VLOOKUP(A24,'DSSV VIE1016'!$B$2:$D$55,3,0) -> #N/A
A25: ph14476 | B25: hueptmph14476@fpt.edu.vn | C25: hueptmph14476 | D25: 3 | E25: 1 | F25: 1 | G25: 1 | H25: 1 | I25: 1 | J25: 1 | K25: 1 | L25: 1 | M25: 1 | N25: 1 | O25: 1 | P25: 1 | Q25: 1 | R25: 1 | S25: 1 | T25: 1 | U25: 1 | V25: audit | W25: N/A | X25: N | Y25: N | Z25: N/A | AA25: enrolled | AB25: 14 | AC25: =COUNTIF(E25:R25,"Not Attempted") -> 0 | AD25: =AB25-AC25-AE25 -> 0 | AE25: =COUNTIF(E25:R25,1) -> 14 | AF25: =IF(AC25=14,"Chưa tham gia học lần nào","") | AG25: =IF(AND(MIN(E25:R25)>=1,COUNT(E25:R25)=COUNTA(E25:R25)),"Pass","Fail") -> Pass | AH25: =COUNT(T25,">=0.5") -> 1 | AI25: =IF(AND(AG25="Pass",AH25>=0.5),"Đủ Điều kiện dự thi","Fail") -> Đủ Điều kiện dự thi | AJ25: =VLOOKUP(A25,'DSSV VIE1016'!$B$2:$D$55,3,0) -> #N/A
A26: pc01485 | B26: taindpc01485@fpt.edu.vn | C26: taindpc01485 | D26: 3 | E26: 1 | F26: 1 | G26: 1 | H26: 1 | I26: 1 | J26: 1 | K26: 1 | L26: 1 | M26: 1 | N26: 1 | O26: 1 | P26: 1 | Q26: 1 | R26: 1 | S26: 1 | T26: 1 | U26: 1 | V26: audit | W26: N/A | X26: N | Y26: N | Z26: N/A | AA26: enrolled | AB26: 14 | AC26: =COUNTIF(E26:R26,"Not Attempted") -> 0 | AD26: =AB26-AC26-AE26 -> 0 | AE26: =COUNTIF(E26:R26,1) -> 14 | AF26: =IF(AC26=14,"Chưa tham gia học lần nào","") | AG26: =IF(AND(MIN(E26:R26)>=1,COUNT(E26:R26)=COUNTA(E26:R26)),"Pass","Fail") -> Pass | AH26: =COUNT(T26,">=0.5") -> 1 | AI26: =IF(AND(AG26="Pass",AH26>=0.5),"Đủ Điều kiện dự thi","Fail") -> Đủ Điều kiện dự thi | AJ26: =VLOOKUP(A26,'DSSV VIE1016'!$B$2:$D$55,3,0) -> #N/A
A27: pc02669 | B27: anhtdpc02669@fpt.edu.vn | C27: anhtdpc02669 | D27: 2 | E27: 1 | F27: 1 | G27: 1 | H27: 1 | I27: 1 | J27: 1 | K27: 1 | L27: 1 | M27: 1 | N27: 1 | O27: 1 | P27: 1 | Q27: 1 | R27: 1 | S27: 1 | T27: 1 | U27: Not Attempted | V27: audit | W27: N/A | X27: N | Y27: N | Z27: N/A | AA27: enrolled | AB27: 14 | AC27: =COUNTIF(E27:R27,"Not Attempted") -> 0 | AD27: =AB27-AC27-AE27 -> 0 | AE27: =COUNTIF(E27:R27,1) -> 14 | AF27: =IF(AC27=14,"Chưa tham gia học lần nào","") | AG27: =IF(AND(MIN(E27:R27)>=1,COUNT(E27:R27)=COUNTA(E27:R27)),"Pass","Fail") -> Pass | AH27: =COUNT(T27,">=0.5") -> 1 | AI27: =IF(AND(AG27="Pass",AH27>=0.5),"Đủ Điều kiện dự thi","Fail") -> Đủ Điều kiện dự thi | AJ27: =VLOOKUP(A27,'DSSV VIE1016'!$B$2:$D$55,3,0) -> #N/A
A28: ph17013 | B28: cuongptph17013@fpt.edu.vn | C28: cuongptph17013 | D28: 2 | E28: 1 | F28: 1 | G28: 1 | H28: 1 | I28: 1 | J28: 1 | K28: 1 | L28: 1 | M28: 1 | N28: 1 | O28: 1 | P28: 1 | Q28: 1 | R28: 1 | S28: 1 | T28: 1 | U28: Not Attempted | V28: audit | W28: N/A | X28: N | Y28: N | Z28: N/A | AA28: enrolled | AB28: 14 | AC28: =COUNTIF(E28:R28,"Not Attempted") -> 0 | AD28: =AB28-AC28-AE28 -> 0 | AE28: =COUNTIF(E28:R28,1) -> 14 | AF28: =IF(AC28=14,"Chưa tham gia học lần nào","") | AG28: =IF(AND(MIN(E28:R28)>=1,COUNT(E28:R28)=COUNTA(E28:R28)),"Pass","Fail") -> Pass | AH28: =COUNT(T28,">=0.5") -> 1 | AI28: =IF(AND(AG28="Pass",AH28>=0.5),"Đủ Điều kiện dự thi","Fail") -> Đủ Điều kiện dự thi | AJ28: =VLOOKUP(A28,'DSSV VIE1016'!$B$2:$D$55,3,0) -> #N/A
A29: pc01968 | B29: tranhthpc01968@fpt.edu.vn | C29: tranhthpc01968 | D29: 3 | E29: 1 | F29: 1 | G29: 1 | H29: 1 | I29: 1 | J29: 1 | K29: 1 | L29: 1 | M29: 1 | N29: 1 | O29: 1 | P29: 1 | Q29: 1 | R29: 1 | S29: 1 | T29: 1 | U29: 1 | V29: audit | W29: N/A | X29: N | Y29: N | Z29: N/A | AA29: enrolled | AB29: 14 | AC29: =COUNTIF(E29:R29,"Not Attempted") -> 0 | AD29: =AB29-AC29-AE29 -> 0 | AE29: =COUNTIF(E29:R29,1) -> 14 | AF29: =IF(AC29=14,"Chưa tham gia học lần nào","") | AG29: =IF(AND(MIN(E29:R29)>=1,COUNT(E29:R29)=COUNTA(E29:R29)),"Pass","Fail") -> Pass | AH29: =COUNT(T29,">=0.5") -> 1 | AI29: =IF(AND(AG29="Pass",AH29>=0.5),"Đủ Điều kiện dự thi","Fail") -> Đủ Điều kiện dự thi | AJ29: =VLOOKUP(A29,'DSSV VIE1016'!$B$2:$D$55,3,0) -> #N/A
A30: pc01480 | B30: vyhtpc01480@fpt.edu.vn | C30: vyhtpc01480 | D30: 3 | E30: 1 | F30: 1 | G30: 1 | H30: 1 | I30: 1 | J30: 1 | K30: 1 | L30: 1 | M30: 1 | N30: 1 | O30: 1 | P30: 1 | Q30: 1 | R30: 1 | S30: 1 | T30: 1 | U30: 1 | V30: audit | W30: N/A | X30: N | Y30: N | Z30: N/A | AA30: enrolled | AB30: 14 | AC30: =COUNTIF(E30:R30,"Not Attempted") -> 0 | AD30: =AB30-AC30-AE30 -> 0 | AE30: =COUNTIF(E30:R30,1) -> 14 | AF30: =IF(AC30=14,"Chưa tham gia học lần nào","") | AG30: =IF(AND(MIN(E30:R30)>=1,COUNT(E30:R30)=COUNTA(E30:R30)),"Pass","Fail") -> Pass | AH30: =COUNT(T30,">=0.5") -> 1 | AI30: =IF(AND(AG30="Pass",AH30>=0.5),"Đủ Điều kiện dự thi","Fail") -> Đủ Điều kiện dự thi | AJ30: =VLOOKUP(A30,'DSSV VIE1016'!$B$2:$D$55,3,0) -> #N/A
A31: ps06129 | B31: nguyenndps06129@fpt.edu.vn | C31: nguyenndps06129 | D31: 0 | E31: Not Attempted | F31: Not Attempted | G31: Not Attempted | H31: Not Attempted | I31: Not Attempted | J31: Not Attempted | K31: Not Attempted | L31: Not Attempted | M31: Not Attempted | N31: Not Attempted | O31: Not Attempted | P31: Not Attempted | Q31: Not Attempted | R31: Not Attempted | S31: 0 | T31: Not Attempted | U31: Not Attempted | V31: audit | W31: N/A | X31: N | Y31: N | Z31: N/A | AA31: enrolled | AB31: 14 | AC31: =COUNTIF(E31:R31,"Not Attempted") -> 14 | AD31: =AB31-AC31-AE31 -> 0 | AE31: =COUNTIF(E31:R31,1) -> 0 | AF31: =IF(AC31=14,"Chưa tham gia học lần nào","") -> Chưa tham gia học lần nào | AG31: =IF(AND(MIN(E31:R31)>=1,COUNT(E31:R31)=COUNTA(E31:R31)),"Pass","Fail") -> Fail | AH31: =COUNT(T31,">=0.5") -> 0 | AI31: =IF(AND(AG31="Pass",AH31>=0.5),"Đủ Điều kiện dự thi","Fail") -> Fail | AJ31: =VLOOKUP(A31,'DSSV VIE1016'!$B$2:$D$55,3,0) -> #N/A
A32: pc01555 | B32: trinhtndpc01555@fpt.edu.vn | C32: trinhtndpc01555 | D32: 2.9 | E32: 1 | F32: 1 | G32: 1 | H32: 1 | I32: 1 | J32: 1 | K32: 1 | L32: 1 | M32: 1 | N32: 1 | O32: 1 | P32: 1 | Q32: 1 | R32: 1 | S32: 1 | T32: 0.9 | U32: 1 | V32: audit | W32: N/A | X32: N | Y32: N | Z32: N/A | AA32: enrolled | AB32: 14 | AC32: =COUNTIF(E32:R32,"Not Attempted") -> 0 | AD32: =AB32-AC32-AE32 -> 0 | AE32: =COUNTIF(E32:R32,1) -> 14 | AF32: =IF(AC32=14,"Chưa tham gia học lần nào","") | AG32: =IF(AND(MIN(E32:R32)>=1,COUNT(E32:R32)=COUNTA(E32:R32)),"Pass","Fail") -> Pass | AH32: =COUNT(T32,">=0.5") -> 1 | AI32: =IF(AND(AG32="Pass",AH32>=0.5),"Đủ Điều kiện dự thi","Fail") -> Đủ Điều kiện dự thi | AJ32: =VLOOKUP(A32,'DSSV VIE1016'!$B$2:$D$55,3,0) -> #N/A
A33: ph14984 | B33: hungndph14984@fpt.edu.vn | C33: hungndph14984 | D33: 3 | E33: 1 | F33: 1 | G33: 1 | H33: 1 | I33: 1 | J33: 1 | K33: 1 | L33: 1 | M33: 1 | N33: 1 | O33: 1 | P33: 1 | Q33: 1 | R33: 1 | S33: 1 | T33: 1 | U33: 1 | V33: audit | W33: N/A | X33: N | Y33: N | Z33: N/A | AA33: enrolled | AB33: 14 | AC33: =COUNTIF(E33:R33,"Not Attempted") -> 0 | AD33: =AB33-AC33-AE33 -> 0 | AE33: =COUNTIF(E33:R33,1) -> 14 | AF33: =IF(AC33=14,"Chưa tham gia học lần nào","") | AG33: =IF(AND(MIN(E33:R33)>=1,COUNT(E33:R33)=COUNTA(E33:R33)),"Pass","Fail") -> Pass | AH33: =COUNT(T33,">=0.5") -> 1 | AI33: =IF(AND(AG33="Pass",AH33>=0.5),"Đủ Điều kiện dự thi","Fail") -> Đủ Điều kiện dự thi | AJ33: =VLOOKUP(A33,'DSSV VIE1016'!$B$2:$D$55,3,0) -> #N/A
A34: ph16795 | B34: phuongntph16795@fpt.edu.vn | C34: phuongntph16795 | D34: 3 | E34: 1 | F34: 1 | G34: 1 | H34: 1 | I34: 1 | J34: 1 | K34: 1 | L34: 1 | M34: 1 | N34: 1 | O34: 1 | P34: 1 | Q34: 1 | R34: 1 | S34: 1 | T34: 1 | U34: 1 | V34: audit | W34: N/A | X34: N | Y34: N | Z34: N/A | AA34: enrolled | AB34: 14 | AC34: =COUNTIF(E34:R34,"Not Attempted") -> 0 | AD34: =AB34-AC34-AE34 -> 0 | AE34: =COUNTIF(E34:R34,1) -> 14 | AF34: =IF(AC34=14,"Chưa tham gia học lần nào","") | AG34: =IF(AND(MIN(E34:R34)>=1,COUNT(E34:R34)=COUNTA(E34:R34)),"Pass","Fail") -> Pass | AH34: =COUNT(T34,">=0.5") -> 1 | AI34: =IF(AND(AG34="Pass",AH34>=0.5),"Đủ Điều kiện dự thi","Fail") -> Đủ Điều kiện dự thi | AJ34: =VLOOKUP(A34,'DSSV VIE1016'!$B$2:$D$55,3,0) -> #N/A
A35: ph17614 | B35: hungxmph17614@fpt.edu.vn | C35: hungxmph17614 | D35: 3 | E35: 1 | F35: 1 | G35: 1 | H35: 1 | I35: 1 | J35: 1 | K35: 1 | L35: 1 | M35: 1 | N35: 1 | O35: 1 | P35: 1 | Q35: 1 | R35: 1 | S35: 1 | T35: 1 | U35: 1 | V35: audit | W35: N/A | X35: N | Y35: N | Z35: N/A | AA35: enrolled | AB35: 14 | AC35: =COUNTIF(E35:R35,"Not Attempted") -> 0 | AD35: =AB35-AC35-AE35 -> 0 | AE35: =COUNTIF(E35:R35,1) -> 14 | AF35: =IF(AC35=14,"Chưa tham gia học lần nào","") | AG35: =IF(AND(MIN(E35:R35)>=1,COUNT(E35:R35)=COUNTA(E35:R35)),"Pass","Fail") -> Pass | AH35: =COUNT(T35,">=0.5") -> 1 | AI35: =IF(AND(AG35="Pass",AH35>=0.5),"Đủ Điều kiện dự thi","Fail") -> Đủ Điều kiện dự thi | AJ35: =VLOOKUP(A35,'DSSV VIE1016'!$B$2:$D$55,3,0) -> #N/A
A36: pc02616 | B36: liemntpc02616@fpt.edu.vn | C36: liemntpc02616 | D36: 3 | E36: 1 | F36: 1 | G36: 1 | H36: 1 | I36: 1 | J36: 1 | K36: 1 | L36: 1 | M36: 1 | N36: 1 | O36: 1 | P36: 1 | Q36: 1 | R36: 1 | S36: 1 | T36: 1 | U36: 1 | V36: audit | W36: N/A | X36: N | Y36: N | Z36: N/A | AA36: enrolled | AB36: 14 | AC36: =COUNTIF(E36:R36,"Not Attempted") -> 0 | AD36: =AB36-AC36-AE36 -> 0 | AE36: =COUNTIF(E36:R36,1) -> 14 | AF36: =IF(AC36=14,"Chưa tham gia học lần nào","") | AG36: =IF(AND(MIN(E36:R36)>=1,COUNT(E36:R36)=COUNTA(E36:R36)),"Pass","Fail") -> Pass | AH36: =COUNT(T36,">=0.5") -> 1 | AI36: =IF(AND(AG36="Pass",AH36>=0.5),"Đủ Điều kiện dự thi","Fail") -> Đủ Điều kiện dự thi | AJ36: =VLOOKUP(A36,'DSSV VIE1016'!$B$2:$D$55,3,0) -> #N/A
A37: ph12056 | B37: nhungdtpph12056@fpt.edu.vn | C37: nhungdtpph12056 | D37: 2 | E37: 1 | F37: 1 | G37: 1 | H37: 1 | I37: 1 | J37: 1 | K37: 1 | L37: 1 | M37: 1 | N37: 1 | O37: 1 | P37: 1 | Q37: 1 | R37: 1 | S37: 1 | T37: 1 | U37: Not Attempted | V37: audit | W37: N/A | X37: N | Y37: N | Z37: N/A | AA37: enrolled | AB37: 14 | AC37: =COUNTIF(E37:R37,"Not Attempted") -> 0 | AD37: =AB37-AC37-AE37 -> 0 | AE37: =COUNTIF(E37:R37,1) -> 14 | AF37: =IF(AC37=14,"Chưa tham gia học lần nào","") | AG37: =IF(AND(MIN(E37:R37)>=1,COUNT(E37:R37)=COUNTA(E37:R37)),"Pass","Fail") -> Pass | AH37: =COUNT(T37,">=0.5") -> 1 | AI37: =IF(AND(AG37="Pass",AH37>=0.5),"Đủ Điều kiện dự thi","Fail") -> Đủ Điều kiện dự thi | AJ37: =VLOOKUP(A37,'DSSV VIE1016'!$B$2:$D$55,3,0) -> #N/A
A38: ph17229 | B38: linhctmph17229@fpt.edu.vn | C38: linhctmph17229 | D38: 3 | E38: 1 | F38: 1 | G38: 1 | H38: 1 | I38: 1 | J38: 1 | K38: 1 | L38: 1 | M38: 1 | N38: 1 | O38: 1 | P38: 1 | Q38: 1 | R38: 1 | S38: 1 | T38: 1 | U38: 1 | V38: audit | W38: N/A | X38: N | Y38: N | Z38: N/A | AA38: enrolled | AB38: 14 | AC38: =COUNTIF(E38:R38,"Not Attempted") -> 0 | AD38: =AB38-AC38-AE38 -> 0 | AE38: =COUNTIF(E38:R38,1) -> 14 | AF38: =IF(AC38=14,"Chưa tham gia học lần nào","") | AG38: =IF(AND(MIN(E38:R38)>=1,COUNT(E38:R38)=COUNTA(E38:R38)),"Pass","Fail") -> Pass | AH38: =COUNT(T38,">=0.5") -> 1 | AI38: =IF(AND(AG38="Pass",AH38>=0.5),"Đủ Điều kiện dự thi","Fail") -> Đủ Điều kiện dự thi | AJ38: =VLOOKUP(A38,'DSSV VIE1016'!$B$2:$D$55,3,0) -> #N/A
A39: ph15267 | B39: giangnhph15267@fpt.edu.vn | C39: giangnhph15267 | D39: 3 | E39: 1 | F39: 1 | G39: 1 | H39: 1 | I39: 1 | J39: 1 | K39: 1 | L39: 1 | M39: 1 | N39: 1 | O39: 1 | P39: 1 | Q39: 1 | R39: 1 | S39: 1 | T39: 1 | U39: 1 | V39: audit | W39: N/A | X39: N | Y39: N | Z39: N/A | AA39: enrolled | AB39: 14 | AC39: =COUNTIF(E39:R39,"Not Attempted") -> 0 | AD39: =AB39-AC39-AE39 -> 0 | AE39: =COUNTIF(E39:R39,1) -> 14 | AF39: =IF(AC39=14,"Chưa tham gia học lần nào","") | AG39: =IF(AND(MIN(E39:R39)>=1,COUNT(E39:R39)=COUNTA(E39:R39)),"Pass","Fail") -> Pass | AH39: =COUNT(T39,">=0.5") -> 1 | AI39: =IF(AND(AG39="Pass",AH39>=0.5),"Đủ Điều kiện dự thi","Fail") -> Đủ Điều kiện dự thi | AJ39: =VLOOKUP(A39,'DSSV VIE1016'!$B$2:$D$55,3,0) -> #N/A
A40: ph17183 | B40: huongptph17183@fpt.edu.vn | C40: huongptph17183 | D40: 3 | E40: 1 | F40: 1 | G40: 1 | H40: 1 | I40: 1 | J40: 1 | K40: 1 | L40: 1 | M40: 1 | N40: 1 | O40: 1 | P40: 1 | Q40: 1 | R40: 1 | S40: 1 | T40: 1 | U40: 1 | V40: audit | W40: N/A | X40: N | Y40: N | Z40: N/A | AA40: enrolled | AB40: 14 | AC40: =COUNTIF(E40:R40,"Not Attempted") -> 0 | AD40: =AB40-AC40-AE40 -> 0 | AE40: =COUNTIF(E40:R40,1) -> 14 | AF40: =IF(AC40=14,"Chưa tham gia học lần nào","") | AG40: =IF(AND(MIN(E40:R40)>=1,COUNT(E40:R40)=COUNTA(E40:R40)),"Pass","Fail") -> Pass | AH40: =COUNT(T40,">=0.5") -> 1 | AI40: =IF(AND(AG40="Pass",AH40>=0.5),"Đủ Điều kiện dự thi","Fail") -> Đủ Điều kiện dự thi | AJ40: =VLOOKUP(A40,'DSSV VIE1016'!$B$2:$D$55,3,0) -> #N/A
A41: pc02062 | B41: thuntapc02062@fpt.edu.vn | C41: thuntapc02062 | D41: 3 | E41: 1 | F41: 1 | G41: 1 | H41: 1 | I41: 1 | J41: 1 | K41: 1 | L41: 1 | M41: 1 | N41: 1 | O41: 1 | P41: 1 | Q41: 1 | R41: 1 | S41: 1 | T41: 1 | U41: 1 | V41: audit | W41: N/A | X41: N | Y41: N | Z41: N/A | AA41: enrolled | AB41: 14 | AC41: =COUNTIF(E41:R41,"Not Attempted") -> 0 | AD41: =AB41-AC41-AE41 -> 0 | AE41: =COUNTIF(E41:R41,1) -> 14 | AF41: =IF(AC41=14,"Chưa tham gia học lần nào","") | AG41: =IF(AND(MIN(E41:R41)>=1,COUNT(E41:R41)=COUNTA(E41:R41)),"Pass","Fail") -> Pass | AH41: =COUNT(T41,">=0.5") -> 1 | AI41: =IF(AND(AG41="Pass",AH41>=0.5),"Đủ Điều kiện dự thi","Fail") -> Đủ Điều kiện dự thi | AJ41: =VLOOKUP(A41,'DSSV VIE1016'!$B$2:$D$55,3,0) -> #N/A
A42: pc01638 | B42: hoandpc01638@fpt.edu.vn | C42: hoandpc01638 | D42: 3 | E42: 1 | F42: 1 | G42: 1 | H42: 1 | I42: 1 | J42: 1 | K42: 1 | L42: 1 | M42: 1 | N42: 1 | O42: 1 | P42: 1 | Q42: 1 | R42: 1 | S42: 1 | T42: 1 | U42: 1 | V42: audit | W42: N/A | X42: N | Y42: N | Z42: N/A | AA42: enrolled | AB42: 14 | AC42: =COUNTIF(E42:R42,"Not Attempted") -> 0 | AD42: =AB42-AC42-AE42 -> 0 | AE42: =COUNTIF(E42:R42,1) -> 14 | AF42: =IF(AC42=14,"Chưa tham gia học lần nào","") | AG42: =IF(AND(MIN(E42:R42)>=1,COUNT(E42:R42)=COUNTA(E42:R42)),"Pass","Fail") -> Pass | AH42: =COUNT(T42,">=0.5") -> 1 | AI42: =IF(AND(AG42="Pass",AH42>=0.5),"Đủ Điều kiện dự thi","Fail") -> Đủ Điều kiện dự thi | AJ42: =VLOOKUP(A42,'DSSV VIE1016'!$B$2:$D$55,3,0) -> #N/A
A43: pc02048 | B43: thoinvpc02048@fpt.edu.vn | C43: thoinvpc02048 | D43: 3 | E43: 1 | F43: 1 | G43: 1 | H43: 1 | I43: 1 | J43: 1 | K43: 1 | L43: 1 | M43: 1 | N43: 1 | O43: 1 | P43: 1 | Q43: 1 | R43: 1 | S43: 1 | T43: 1 | U43: 1 | V43: audit | W43: N/A | X43: N | Y43: N | Z43: N/A | AA43: enrolled | AB43: 14 | AC43: =COUNTIF(E43:R43,"Not Attempted") -> 0 | AD43: =AB43-AC43-AE43 -> 0 | AE43: =COUNTIF(E43:R43,1) -> 14 | AF43: =IF(AC43=14,"Chưa tham gia học lần nào","") | AG43: =IF(AND(MIN(E43:R43)>=1,COUNT(E43:R43)=COUNTA(E43:R43)),"Pass","Fail") -> Pass | AH43: =COUNT(T43,">=0.5") -> 1 | AI43: =IF(AND(AG43="Pass",AH43>=0.5),"Đủ Điều kiện dự thi","Fail") -> Đủ Điều kiện dự thi | AJ43: =VLOOKUP(A43,'DSSV VIE1016'!$B$2:$D$55,3,0) -> #N/A
A44: pd05532 | B44: phongddpd05532@fpt.edu.vn | C44: phongddpd05532 | D44: 0 | E44: Not Attempted | F44: Not Attempted | G44: Not Attempted | H44: Not Attempted | I44: Not Attempted | J44: Not Attempted | K44: Not Attempted | L44: Not Attempted | M44: Not Attempted | N44: Not Attempted | O44: Not Attempted | P44: Not Attempted | Q44: Not Attempted | R44: Not Attempted | S44: 0 | T44: Not Attempted | U44: Not Attempted | V44: audit | W44: N/A | X44: N | Y44: N | Z44: N/A | AA44: enrolled | AB44: 14 | AC44: =COUNTIF(E44:R44,"Not Attempted") -> 14 | AD44: =AB44-AC44-AE44 -> 0 | AE44: =COUNTIF(E44:R44,1) -> 0 | AF44: =IF(AC44=14,"Chưa tham gia học lần nào","") -> Chưa tham gia học lần nào | AG44: =IF(AND(MIN(E44:R44)>=1,COUNT(E44:R44)=COUNTA(E44:R44)),"Pass","Fail") -> Fail | AH44: =COUNT(T44,">=0.5") -> 0 | AI44: =IF(AND(AG44="Pass",AH44>=0.5),"Đủ Điều kiện dự thi","Fail") -> Fail | AJ44: =VLOOKUP(A44,'DSSV VIE1016'!$B$2:$D$55,3,0) -> #N/A
A45: ph17285 | B45: trangbthph17285@fpt.edu.vn | C45: trangbthph17285 | D45: 3 | E45: 1 | F45: 1 | G45: 1 | H45: 1 | I45: 1 | J45: 1 | K45: 1 | L45: 1 | M45: 1 | N45: 1 | O45: 1 | P45: 1 | Q45: 1 | R45: 1 | S45: 1 | T45: 1 | U45: 1 | V45: audit | W45: N/A | X45: N | Y45: N | Z45: N/A | AA45: enrolled | AB45: 14 | AC45: =COUNTIF(E45:R45,"Not Attempted") -> 0 | AD45: =AB45-AC45-AE45 -> 0 | AE45: =COUNTIF(E45:R45,1) -> 14 | AF45: =IF(AC45=14,"Chưa tham gia học lần nào","") | AG45: =IF(AND(MIN(E45:R45)>=1,COUNT(E45:R45)=COUNTA(E45:R45)),"Pass","Fail") -> Pass | AH45: =COUNT(T45,">=0.5") -> 1 | AI45: =IF(AND(AG45="Pass",AH45>=0.5),"Đủ Điều kiện dự thi","Fail") -> Đủ Điều kiện dự thi | AJ45: =VLOOKUP(A45,'DSSV VIE1016'!$B$2:$D$55,3,0) -> #N/A
A46: pc01886 | B46: aittnpc01886@fpt.edu.vn | C46: aittnpc01886 | D46: 2.7 | E46: 1 | F46: 1 | G46: 1 | H46: 1 | I46: 1 | J46: 1 | K46: 1 | L46: 1 | M46: 1 | N46: 1 | O46: 1 | P46: 1 | Q46: 1 | R46: 1 | S46: 1 | T46: 0.7 | U46: 1 | V46: audit | W46: N/A | X46: N | Y46: N | Z46: N/A | AA46: enrolled | AB46: 14 | AC46: =COUNTIF(E46:R46,"Not Attempted") -> 0 | AD46: =AB46-AC46-AE46 -> 0 | AE46: =COUNTIF(E46:R46,1) -> 14 | AF46: =IF(AC46=14,"Chưa tham gia học lần nào","") | AG46: =IF(AND(MIN(E46:R46)>=1,COUNT(E46:R46)=COUNTA(E46:R46)),"Pass","Fail") -> Pass | AH46: =COUNT(T46,">=0.5") -> 1 | AI46: =IF(AND(AG46="Pass",AH46>=0.5),"Đủ Điều kiện dự thi","Fail") -> Đủ Điều kiện dự thi | AJ46: =VLOOKUP(A46,'DSSV VIE1016'!$B$2:$D$55,3,0) -> #N/A
A47: ph15437 | B47: thuannvph15437@fpt.edu.vn | C47: thuannvph15437 | D47: 3 | E47: 1 | F47: 1 | G47: 1 | H47: 1 | I47: 1 | J47: 1 | K47: 1 | L47: 1 | M47: 1 | N47: 1 | O47: 1 | P47: 1 | Q47: 1 | R47: 1 | S47: 1 | T47: 1 | U47: 1 | V47: audit | W47: N/A | X47: N | Y47: N | Z47: N/A | AA47: enrolled | AB47: 14 | AC47: =COUNTIF(E47:R47,"Not Attempted") -> 0 | AD47: =AB47-AC47-AE47 -> 0 | AE47: =COUNTIF(E47:R47,1) -> 14 | AF47: =IF(AC47=14,"Chưa tham gia học lần nào","") | AG47: =IF(AND(MIN(E47:R47)>=1,COUNT(E47:R47)=COUNTA(E47:R47)),"Pass","Fail") -> Pass | AH47: =COUNT(T47,">=0.5") -> 1 | AI47: =IF(AND(AG47="Pass",AH47>=0.5),"Đủ Điều kiện dự thi","Fail") -> Đủ Điều kiện dự thi | AJ47: =VLOOKUP(A47,'DSSV VIE1016'!$B$2:$D$55,3,0) -> #N/A
A48: pc02695 | B48: trinhntkpc02695@fpt.edu.vn | C48: trinhntkpc02695 | D48: 3 | E48: 1 | F48: 1 | G48: 1 | H48: 1 | I48: 1 | J48: 1 | K48: 1 | L48: 1 | M48: 1 | N48: 1 | O48: 1 | P48: 1 | Q48: 1 | R48: 1 | S48: 1 | T48: 1 | U48: 1 | V48: audit | W48: N/A | X48: N | Y48: N | Z48: N/A | AA48: enrolled | AB48: 14 | AC48: =COUNTIF(E48:R48,"Not Attempted") -> 0 | AD48: =AB48-AC48-AE48 -> 0 | AE48: =COUNTIF(E48:R48,1) -> 14 | AF48: =IF(AC48=14,"Chưa tham gia học lần nào","") | AG48: =IF(AND(MIN(E48:R48)>=1,COUNT(E48:R48)=COUNTA(E48:R48)),"Pass","Fail") -> Pass | AH48: =COUNT(T48,">=0.5") -> 1 | AI48: =IF(AND(AG48="Pass",AH48>=0.5),"Đủ Điều kiện dự thi","Fail") -> Đủ Điều kiện dự thi | AJ48: =VLOOKUP(A48,'DSSV VIE1016'!$B$2:$D$55,3,0) -> #N/A
A49: ph16988 | B49: khanhpqph16988@fpt.edu.vn | C49: khanhpqph16988 | D49: 1.8 | E49: 1 | F49: 1 | G49: 1 | H49: 1 | I49: 1 | J49: 1 | K49: 1 | L49: 1 | M49: 1 | N49: 1 | O49: 1 | P49: 1 | Q49: 1 | R49: 1 | S49: 1 | T49: 0.8 | U49: Not Attempted | V49: audit | W49: N/A | X49: N | Y49: N | Z49: N/A | AA49: enrolled | AB49: 14 | AC49: =COUNTIF(E49:R49,"Not Attempted") -> 0 | AD49: =AB49-AC49-AE49 -> 0 | AE49: =COUNTIF(E49:R49,1) -> 14 | AF49: =IF(AC49=14,"Chưa tham gia học lần nào","") | AG49: =IF(AND(MIN(E49:R49)>=1,COUNT(E49:R49)=COUNTA(E49:R49)),"Pass","Fail") -> Pass | AH49: =COUNT(T49,">=0.5") -> 1 | AI49: =IF(AND(AG49="Pass",AH49>=0.5),"Đủ Điều kiện dự thi","Fail") -> Đủ Điều kiện dự thi | AJ49: =VLOOKUP(A49,'DSSV VIE1016'!$B$2:$D$55,3,0) -> #N/A
A50: pc02703 | B50: niemnhpc02703@fpt.edu.vn | C50: niemnhpc02703 | D50: 3 | E50: 1 | F50: 1 | G50: 1 | H50: 1 | I50: 1 | J50: 1 | K50: 1 | L50: 1 | M50: 1 | N50: 1 | O50: 1 | P50: 1 | Q50: 1 | R50: 1 | S50: 1 | T50: 1 | U50: 1 | V50: audit | W50: N/A | X50: N | Y50: N | Z50: N/A | AA50: enrolled | AB50: 14 | AC50: =COUNTIF(E50:R50,"Not Attempted") -> 0 | AD50: =AB50-AC50-AE50 -> 0 | AE50: =COUNTIF(E50:R50,1) -> 14 | AF50: =IF(AC50=14,"Chưa tham gia học lần nào","") | AG50: =IF(AND(MIN(E50:R50)>=1,COUNT(E50:R50)=COUNTA(E50:R50)),"Pass","Fail") -> Pass | AH50: =COUNT(T50,">=0.5") -> 1 | AI50: =IF(AND(AG50="Pass",AH50>=0.5),"Đủ Điều kiện dự thi","Fail") -> Đủ Điều kiện dự thi | AJ50: =VLOOKUP(A50,'DSSV VIE1016'!$B$2:$D$55,3,0) -> #N/A
A51: pc01620 | B51: nhinhpc01620@fpt.edu.vn | C51: nhinhpc01620 | D51: 3 | E51: 1 | F51: 1 | G51: 1 | H51: 1 | I51: 1 | J51: 1 | K51: 1 | L51: 1 | M51: 1 | N51: 1 | O51: 1 | P51: 1 | Q51: 1 | R51: 1 | S51: 1 | T51: 1 | U51: 1 | V51: audit | W51: N/A | X51: N | Y51: N | Z51: N/A | AA51: enrolled | AB51: 14 | AC51: =COUNTIF(E51:R51,"Not Attempted") -> 0 | AD51: =AB51-AC51-AE51 -> 0 | AE51: =COUNTIF(E51:R51,1) -> 14 | AF51: =IF(AC51=14,"Chưa tham gia học lần nào","") | AG51: =IF(AND(MIN(E51:R51)>=1,COUNT(E51:R51)=COUNTA(E51:R51)),"Pass","Fail") -> Pass | AH51: =COUNT(T51,">=0.5") -> 1 | AI51: =IF(AND(AG51="Pass",AH51>=0.5),"Đủ Điều kiện dự thi","Fail") -> Đủ Điều kiện dự thi | AJ51: =VLOOKUP(A51,'DSSV VIE1016'!$B$2:$D$55,3,0) -> #N/A
A52: ph14709 | B52: giangnhph14709@fpt.edu.vn | C52: giangnhph14709 | D52: 2.8 | E52: 1 | F52: 1 | G52: 1 | H52: 1 | I52: 1 | J52: 1 | K52: 1 | L52: 1 | M52: 1 | N52: 1 | O52: 1 | P52: 1 | Q52: 1 | R52: 1 | S52: 1 | T52: 0.8 | U52: 1 | V52: audit | W52: N/A | X52: N | Y52: N | Z52: N/A | AA52: enrolled | AB52: 14 | AC52: =COUNTIF(E52:R52,"Not Attempted") -> 0 | AD52: =AB52-AC52-AE52 -> 0 | AE52: =COUNTIF(E52:R52,1) -> 14 | AF52: =IF(AC52=14,"Chưa tham gia học lần nào","") | AG52: =IF(AND(MIN(E52:R52)>=1,COUNT(E52:R52)=COUNTA(E52:R52)),"Pass","Fail") -> Pass | AH52: =COUNT(T52,">=0.5") -> 1 | AI52: =IF(AND(AG52="Pass",AH52>=0.5),"Đủ Điều kiện dự thi","Fail") -> Đủ Điều kiện dự thi | AJ52: =VLOOKUP(A52,'DSSV VIE1016'!$B$2:$D$55,3,0) -> #N/A
A53: ph16679 | B53: mycttph16679@fpt.edu.vn | C53: mycttph16679 | D53: 3 | E53: 1 | F53: 1 | G53: 1 | H53: 1 | I53: 1 | J53: 1 | K53: 1 | L53: 1 | M53: 1 | N53: 1 | O53: 1 | P53: 1 | Q53: 1 | R53: 1 | S53: 1 | T53: 1 | U53: 1 | V53: audit | W53: N/A | X53: N | Y53: N | Z53: N/A | AA53: enrolled | AB53: 14 | AC53: =COUNTIF(E53:R53,"Not Attempted") -> 0 | AD53: =AB53-AC53-AE53 -> 0 | AE53: =COUNTIF(E53:R53,1) -> 14 | AF53: =IF(AC53=14,"Chưa tham gia học lần nào","") | AG53: =IF(AND(MIN(E53:R53)>=1,COUNT(E53:R53)=COUNTA(E53:R53)),"Pass","Fail") -> Pass | AH53: =COUNT(T53,">=0.5") -> 1 | AI53: =IF(AND(AG53="Pass",AH53>=0.5),"Đủ Điều kiện dự thi","Fail") -> Đủ Điều kiện dự thi | AJ53: =VLOOKUP(A53,'DSSV VIE1016'!$B$2:$D$55,3,0) -> #N/A
A54: pc02684 | B54: huynhntpc02684@fpt.edu.vn | C54: huynhntpc02684 | D54: 3 | E54: 1 | F54: 1 | G54: 1 | H54: 1 | I54: 1 | J54: 1 | K54: 1 | L54: 1 | M54: 1 | N54: 1 | O54: 1 | P54: 1 | Q54: 1 | R54: 1 | S54: 1 | T54: 1 | U54: 1 | V54: audit | W54: N/A | X54: N | Y54: N | Z54: N/A | AA54: enrolled | AB54: 14 | AC54: =COUNTIF(E54:R54,"Not Attempted") -> 0 | AD54: =AB54-AC54-AE54 -> 0 | AE54: =COUNTIF(E54:R54,1) -> 14 | AF54: =IF(AC54=14,"Chưa tham gia học lần nào","") | AG54: =IF(AND(MIN(E54:R54)>=1,COUNT(E54:R54)=COUNTA(E54:R54)),"Pass","Fail") -> Pass | AH54: =COUNT(T54,">=0.5") -> 1 | AI54: =IF(AND(AG54="Pass",AH54>=0.5),"Đủ Điều kiện dự thi","Fail") -> Đủ Điều kiện dự thi | AJ54: =VLOOKUP(A54,'DSSV VIE1016'!$B$2:$D$55,3,0) -> #N/A
A55: ph14976 | B55: quyptph14976@fpt.edu.vn | C55: quyptph14976 | D55: 3 | E55: 1 | F55: 1 | G55: 1 | H55: 1 | I55: 1 | J55: 1 | K55: 1 | L55: 1 | M55: 1 | N55: 1 | O55: 1 | P55: 1 | Q55: 1 | R55: 1 | S55: 1 | T55: 1 | U55: 1 | V55: audit | W55: N/A | X55: N | Y55: N | Z55: N/A | AA55: enrolled | AB55: 14 | AC55: =COUNTIF(E55:R55,"Not Attempted") -> 0 | AD55: =AB55-AC55-AE55 -> 0 | AE55: =COUNTIF(E55:R55,1) -> 14 | AF55: =IF(AC55=14,"Chưa tham gia học lần nào","") | AG55: =IF(AND(MIN(E55:R55)>=1,COUNT(E55:R55)=COUNTA(E55:R55)),"Pass","Fail") -> Pass | AH55: =COUNT(T55,">=0.5") -> 1 | AI55: =IF(AND(AG55="Pass",AH55>=0.5),"Đủ Điều kiện dự thi","Fail") -> Đủ Điều kiện dự thi | AJ55: =VLOOKUP(A55,'DSSV VIE1016'!$B$2:$D$55,3,0) -> #N/A
A56: pc02621 | B56: nguyennvpc02621@fpt.edu.vn | C56: nguyennvpc02621 | D56: 2 | E56: 1 | F56: 1 | G56: 1 | H56: 1 | I56: 1 | J56: 1 | K56: 1 | L56: 1 | M56: 1 | N56: 1 | O56: 1 | P56: 1 | Q56: 1 | R56: 1 | S56: 1 | T56: 1 | U56: Not Attempted | V56: audit | W56: N/A | X56: N | Y56: N | Z56: N/A | AA56: enrolled | AB56: 14 | AC56: =COUNTIF(E56:R56,"Not Attempted") -> 0 | AD56: =AB56-AC56-AE56 -> 0 | AE56: =COUNTIF(E56:R56,1) -> 14 | AF56: =IF(AC56=14,"Chưa tham gia học lần nào","") | AG56: =IF(AND(MIN(E56:R56)>=1,COUNT(E56:R56)=COUNTA(E56:R56)),"Pass","Fail") -> Pass | AH56: =COUNT(T56,">=0.5") -> 1 | AI56: =IF(AND(AG56="Pass",AH56>=0.5),"Đủ Điều kiện dự thi","Fail") -> Đủ Điều kiện dự thi | AJ56: =VLOOKUP(A56,'DSSV VIE1016'!$B$2:$D$55,3,0) -> #N/A
A57: pc01855 | B57: thaotttpc01855@fpt.edu.vn | C57: thaotttpc01855 | D57: 3 | E57: 1 | F57: 1 | G57: 1 | H57: 1 | I57: 1 | J57: 1 | K57: 1 | L57: 1 | M57: 1 | N57: 1 | O57: 1 | P57: 1 | Q57: 1 | R57: 1 | S57: 1 | T57: 1 | U57: 1 | V57: audit | W57: N/A | X57: N | Y57: N | Z57: N/A | AA57: enrolled | AB57: 14 | AC57: =COUNTIF(E57:R57,"Not Attempted") -> 0 | AD57: =AB57-AC57-AE57 -> 0 | AE57: =COUNTIF(E57:R57,1) -> 14 | AF57: =IF(AC57=14,"Chưa tham gia học lần nào","") | AG57: =IF(AND(MIN(E57:R57)>=1,COUNT(E57:R57)=COUNTA(E57:R57)),"Pass","Fail") -> Pass | AH57: =COUNT(T57,">=0.5") -> 1 | AI57: =IF(AND(AG57="Pass",AH57>=0.5),"Đủ Điều kiện dự thi","Fail") -> Đủ Điều kiện dự thi | AJ57: =VLOOKUP(A57,'DSSV VIE1016'!$B$2:$D$55,3,0) -> #N/A
A58: pc02383 | B58: hannhnpc02383@fpt.edu.vn | C58: hannhnpc02383 | D58: 3 | E58: 1 | F58: 1 | G58: 1 | H58: 1 | I58: 1 | J58: 1 | K58: 1 | L58: 1 | M58: 1 | N58: 1 | O58: 1 | P58: 1 | Q58: 1 | R58: 1 | S58: 1 | T58: 1 | U58: 1 | V58: audit | W58: N/A | X58: N | Y58: N | Z58: N/A | AA58: enrolled | AB58: 14 | AC58: =COUNTIF(E58:R58,"Not Attempted") -> 0 | AD58: =AB58-AC58-AE58 -> 0 | AE58: =COUNTIF(E58:R58,1) -> 14 | AF58: =IF(AC58=14,"Chưa tham gia học lần nào","") | AG58: =IF(AND(MIN(E58:R58)>=1,COUNT(E58:R58)=COUNTA(E58:R58)),"Pass","Fail") -> Pass | AH58: =COUNT(T58,">=0.5") -> 1 | AI58: =IF(AND(AG58="Pass",AH58>=0.5),"Đủ Điều kiện dự thi","Fail") -> Đủ Điều kiện dự thi | AJ58: =VLOOKUP(A58,'DSSV VIE1016'!$B$2:$D$55,3,0) -> #N/A
A59: ph17098 | B59: anhnbvph17098@fpt.edu.vn | C59: anhnbvph17098 | D59: 3 | E59: 1 | F59: 1 | G59: 1 | H59: 1 | I59: 1 | J59: 1 | K59: 1 | L59: 1 | M59: 1 | N59: 1 | O59: 1 | P59: 1 | Q59: 1 | R59: 1 | S59: 1 | T59: 1 | U59: 1 | V59: audit | W59: N/A | X59: N | Y59: N | Z59: N/A | AA59: enrolled | AB59: 14 | AC59: =COUNTIF(E59:R59,"Not Attempted") -> 0 | AD59: =AB59-AC59-AE59 -> 0 | AE59: =COUNTIF(E59:R59,1) -> 14 | AF59: =IF(AC59=14,"Chưa tham gia học lần nào","") | AG59: =IF(AND(MIN(E59:R59)>=1,COUNT(E59:R59)=COUNTA(E59:R59)),"Pass","Fail") -> Pass | AH59: =COUNT(T59,">=0.5") -> 1 | AI59: =IF(AND(AG59="Pass",AH59>=0.5),"Đủ Điều kiện dự thi","Fail") -> Đủ Điều kiện dự thi | AJ59: =VLOOKUP(A59,'DSSV VIE1016'!$B$2:$D$55,3,0) -> #N/A
A60: ph13589 | B60: trangtkph13589@fpt.edu.vn | C60: trangtkph13589 | D60: 3 | E60: 1 | F60: 1 | G60: 1 | H60: 1 | I60: 1 | J60: 1 | K60: 1 | L60: 1 | M60: 1 | N60: 1 | O60: 1 | P60: 1 | Q60: 1 | R60: 1 | S60: 1 | T60: 1 | U60: 1 | V60: audit | W60: N/A | X60: N | Y60: N | Z60: N/A | AA60: enrolled | AB60: 14 | AC60: =COUNTIF(E60:R60,"Not Attempted") -> 0 | AD60: =AB60-AC60-AE60 -> 0 | AE60: =COUNTIF(E60:R60,1) -> 14 | AF60: =IF(AC60=14,"Chưa tham gia học lần nào","") | AG60: =IF(AND(MIN(E60:R60)>=1,COUNT(E60:R60)=COUNTA(E60:R60)),"Pass","Fail") -> Pass | AH60: =COUNT(T60,">=0.5") -> 1 | AI60: =IF(AND(AG60="Pass",AH60>=0.5),"Đủ Điều kiện dự thi","Fail") -> Đủ Điều kiện dự thi | AJ60: =VLOOKUP(A60,'DSSV VIE1016'!$B$2:$D$55,3,0) -> #N/A
A61: nhulh | B61: nhulh@fpt.edu.vn | C61: nhulh | D61: 0 | E61: Not Attempted | F61: Not Attempted | G61: Not Attempted | H61: Not Attempted | I61: Not Attempted | J61: Not Attempted | K61: Not Attempted | L61: Not Attempted | M61: Not Attempted | N61: Not Attempted | O61: Not Attempted | P61: Not Attempted | Q61: Not Attempted | R61: Not Attempted | S61: 0 | T61: Not Attempted | U61: Not Attempted | V61: audit | W61: N/A | X61: N | Y61: N | Z61: N/A | AA61: enrolled | AB61: 14 | AC61: =COUNTIF(E61:R61,"Not Attempted") -> 14 | AD61: =AB61-AC61-AE61 -> 0 | AE61: =COUNTIF(E61:R61,1) -> 0 | AF61: =IF(AC61=14,"Chưa tham gia học lần nào","") -> Chưa tham gia học lần nào | AG61: =IF(AND(MIN(E61:R61)>=1,COUNT(E61:R61)=COUNTA(E61:R61)),"Pass","Fail") -> Fail | AH61: =COUNT(T61,">=0.5") -> 0 | AI61: =IF(AND(AG61="Pass",AH61>=0.5),"Đủ Điều kiện dự thi","Fail") -> Fail | AJ61: =VLOOKUP(A61,'DSSV VIE1016'!$B$2:$D$55,3,0) -> #N/A
A62: ph16923 | B62: chucntph16923@fpt.edu.vn | C62: chucntph16923 | D62: 3 | E62: 1 | F62: 1 | G62: 1 | H62: 1 | I62: 1 | J62: 1 | K62: 1 | L62: 1 | M62: 1 | N62: 1 | O62: 1 | P62: 1 | Q62: 1 | R62: 1 | S62: 1 | T62: 1 | U62: 1 | V62: audit | W62: N/A | X62: N | Y62: N | Z62: N/A | AA62: enrolled | AB62: 14 | AC62: =COUNTIF(E62:R62,"Not Attempted") -> 0 | AD62: =AB62-AC62-AE62 -> 0 | AE62: =COUNTIF(E62:R62,1) -> 14 | AF62: =IF(AC62=14,"Chưa tham gia học lần nào","") | AG62: =IF(AND(MIN(E62:R62)>=1,COUNT(E62:R62)=COUNTA(E62:R62)),"Pass","Fail") -> Pass | AH62: =COUNT(T62,">=0.5") -> 1 | AI62: =IF(AND(AG62="Pass",AH62>=0.5),"Đủ Điều kiện dự thi","Fail") -> Đủ Điều kiện dự thi | AJ62: =VLOOKUP(A62,'DSSV VIE1016'!$B$2:$D$55,3,0) -> #N/A
A63: pc01433 | B63: thongvmpc01433@fpt.edu.vn | C63: thongvmpc01433 | D63: 3 | E63: 1 | F63: 1 | G63: 1 | H63: 1 | I63: 1 | J63: 1 | K63: 1 | L63: 1 | M63: 1 | N63: 1 | O63: 1 | P63: 1 | Q63: 1 | R63: 1 | S63: 1 | T63: 1 | U63: 1 | V63: audit | W63: N/A | X63: N | Y63: N | Z63: N/A | AA63: enrolled | AB63: 14 | AC63: =COUNTIF(E63:R63,"Not Attempted") -> 0 | AD63: =AB63-AC63-AE63 -> 0 | AE63: =COUNTIF(E63:R63,1) -> 14 | AF63: =IF(AC63=14,"Chưa tham gia học lần nào","") | AG63: =IF(AND(MIN(E63:R63)>=1,COUNT(E63:R63)=COUNTA(E63:R63)),"Pass","Fail") -> Pass | AH63: =COUNT(T63,">=0.5") -> 1 | AI63: =IF(AND(AG63="Pass",AH63>=0.5),"Đủ Điều kiện dự thi","Fail") -> Đủ Điều kiện dự thi | AJ63: =VLOOKUP(A63,'DSSV VIE1016'!$B$2:$D$55,3,0) -> #N/A
A64: ngttt84 | B64: trangttt84@fpt.edu.vn | C64: trangttt84 | D64: 0 | E64: Not Attempted | F64: Not Attempted | G64: Not Attempted | H64: Not Attempted | I64: Not Attempted | J64: Not Attempted | K64: Not Attempted | L64: Not Attempted | M64: Not Attempted | N64: Not Attempted | O64: Not Attempted | P64: Not Attempted | Q64: Not Attempted | R64: Not Attempted | S64: 0 | T64: Not Attempted | U64: Not Attempted | V64: audit | W64: N/A | X64: N | Y64: N | Z64: N/A | AA64: enrolled | AB64: 14 | AC64: =COUNTIF(E64:R64,"Not Attempted") -> 14 | AD64: =AB64-AC64-AE64 -> 0 | AE64: =COUNTIF(E64:R64,1) -> 0 | AF64: =IF(AC64=14,"Chưa tham gia học lần nào","") -> Chưa tham gia học lần nào | AG64: =IF(AND(MIN(E64:R64)>=1,COUNT(E64:R64)=COUNTA(E64:R64)),"Pass","Fail") -> Fail | AH64: =COUNT(T64,">=0.5") -> 0 | AI64: =IF(AND(AG64="Pass",AH64>=0.5),"Đủ Điều kiện dự thi","Fail") -> Fail | AJ64: =VLOOKUP(A64,'DSSV VIE1016'!$B$2:$D$55,3,0) -> #N/A
A65: ph18328 | B65: huedtbph18328@fpt.edu.vn | C65: huedtbph18328 | D65: 2.98 | E65: 1 | F65: 1 | G65: 1 | H65: 1 | I65: 1 | J65: 1 | K65: 1 | L65: 1 | M65: 1 | N65: 1 | O65: 1 | P65: 1 | Q65: 1 | R65: 1 | S65: 1 | T65: 1 | U65: 0.98 | V65: audit | W65: N/A | X65: N | Y65: N | Z65: N/A | AA65: enrolled | AB65: 14 | AC65: =COUNTIF(E65:R65,"Not Attempted") -> 0 | AD65: =AB65-AC65-AE65 -> 0 | AE65: =COUNTIF(E65:R65,1) -> 14 | AF65: =IF(AC65=14,"Chưa tham gia học lần nào","") | AG65: =IF(AND(MIN(E65:R65)>=1,COUNT(E65:R65)=COUNTA(E65:R65)),"Pass","Fail") -> Pass | AH65: =COUNT(T65,">=0.5") -> 1 | AI65: =IF(AND(AG65="Pass",AH65>=0.5),"Đủ Điều kiện dự thi","Fail") -> Đủ Điều kiện dự thi | AJ65: =VLOOKUP(A65,'DSSV VIE1016'!$B$2:$D$55,3,0) -> #N/A
A66: ph15557 | B66: lochtph15557@fpt.edu.vn | C66: lochtph15557 | D66: 0 | E66: Not Attempted | F66: Not Attempted | G66: Not Attempted | H66: Not Attempted | I66: Not Attempted | J66: Not Attempted | K66: Not Attempted | L66: Not Attempted | M66: Not Attempted | N66: Not Attempted | O66: Not Attempted | P66: Not Attempted | Q66: Not Attempted | R66: Not Attempted | S66: 0 | T66: Not Attempted | U66: Not Attempted | V66: audit | W66: N/A | X66: N | Y66: N | Z66: N/A | AA66: enrolled | AB66: 14 | AC66: =COUNTIF(E66:R66,"Not Attempted") -> 14 | AD66: =AB66-AC66-AE66 -> 0 | AE66: =COUNTIF(E66:R66,1) -> 0 | AF66: =IF(AC66=14,"Chưa tham gia học lần nào","") -> Chưa tham gia học lần nào | AG66: =IF(AND(MIN(E66:R66)>=1,COUNT(E66:R66)=COUNTA(E66:R66)),"Pass","Fail") -> Fail | AH66: =COUNT(T66,">=0.5") -> 0 | AI66: =IF(AND(AG66="Pass",AH66>=0.5),"Đủ Điều kiện dự thi","Fail") -> Fail | AJ66: =VLOOKUP(A66,'DSSV VIE1016'!$B$2:$D$55,3,0) -> #N/A
A67: ph18777 | B67: nghiadtph18777@fpt.edu.vn | C67: nghiadtph18777 | D67: 0 | E67: Not Attempted | F67: Not Attempted | G67: Not Attempted | H67: Not Attempted | I67: Not Attempted | J67: Not Attempted | K67: Not Attempted | L67: Not Attempted | M67: Not Attempted | N67: Not Attempted | O67: Not Attempted | P67: Not Attempted | Q67: Not Attempted | R67: Not Attempted | S67: 0 | T67: Not Attempted | U67: Not Attempted | V67: audit | W67: N/A | X67: N | Y67: N | Z67: N/A | AA67: enrolled | AB67: 14 | AC67: =COUNTIF(E67:R67,"Not Attempted") -> 14 | AD67: =AB67-AC67-AE67 -> 0 | AE67: =COUNTIF(E67:R67,1) -> 0 | AF67: =IF(AC67=14,"Chưa tham gia học lần nào","") -> Chưa tham gia học lần nào | AG67: =IF(AND(MIN(E67:R67)>=1,COUNT(E67:R67)=COUNTA(E67:R67)),"Pass","Fail") -> Fail | AH67: =COUNT(T67,">=0.5") -> 0 | AI67: =IF(AND(AG67="Pass",AH67>=0.5),"Đủ Điều kiện dự thi","Fail") -> Fail | AJ67: =VLOOKUP(A67,'DSSV VIE1016'!$B$2:$D$55,3,0) -> #N/A
A68: ph18040 | B68: huongttph18040@fpt.edu.vn | C68: huongttph18040 | D68: 3 | E68: 1 | F68: 1 | G68: 1 | H68: 1 | I68: 1 | J68: 1 | K68: 1 | L68: 1 | M68: 1 | N68: 1 | O68: 1 | P68: 1 | Q68: 1 | R68: 1 | S68: 1 | T68: 1 | U68: 1 | V68: audit | W68: N/A | X68: N | Y68: N | Z68: N/A | AA68: enrolled | AB68: 14 | AC68: =COUNTIF(E68:R68,"Not Attempted") -> 0 | AD68: =AB68-AC68-AE68 -> 0 | AE68: =COUNTIF(E68:R68,1) -> 14 | AF68: =IF(AC68=14,"Chưa tham gia học lần nào","") | AG68: =IF(AND(MIN(E68:R68)>=1,COUNT(E68:R68)=COUNTA(E68:R68)),"Pass","Fail") -> Pass | AH68: =COUNT(T68,">=0.5") -> 1 | AI68: =IF(AND(AG68="Pass",AH68>=0.5),"Đủ Điều kiện dự thi","Fail") -> Đủ Điều kiện dự thi | AJ68: =VLOOKUP(A68,'DSSV VIE1016'!$B$2:$D$55,3,0) -> #N/A
A69: ph18351 | B69: binhltph18351@fpt.edu.vn | C69: binhltph18351 | D69: 2.9 | E69: 1 | F69: 1 | G69: 1 | H69: 1 | I69: 1 | J69: 1 | K69: 1 | L69: 1 | M69: 1 | N69: 1 | O69: 1 | P69: 1 | Q69: 1 | R69: 1 | S69: 1 | T69: 0.9 | U69: 1 | V69: audit | W69: N/A | X69: N | Y69: N | Z69: N/A | AA69: enrolled | AB69: 14 | AC69: =COUNTIF(E69:R69,"Not Attempted") -> 0 | AD69: =AB69-AC69-AE69 -> 0 | AE69: =COUNTIF(E69:R69,1) -> 14 | AF69: =IF(AC69=14,"Chưa tham gia học lần nào","") | AG69: =IF(AND(MIN(E69:R69)>=1,COUNT(E69:R69)=COUNTA(E69:R69)),"Pass","Fail") -> Pass | AH69: =COUNT(T69,">=0.5") -> 1 | AI69: =IF(AND(AG69="Pass",AH69>=0.5),"Đủ Điều kiện dự thi","Fail") -> Đủ Điều kiện dự thi | AJ69: =VLOOKUP(A69,'DSSV VIE1016'!$B$2:$D$55,3,0) -> #N/A
A70: pc01702 | B70: lydtkpc01702@fpt.edu.vn | C70: lydtkpc01702 | D70: 2.8 | E70: 1 | F70: 1 | G70: 1 | H70: 1 | I70: 1 | J70: 1 | K70: 1 | L70: 1 | M70: 1 | N70: 1 | O70: 1 | P70: 1 | Q70: 1 | R70: 1 | S70: 1 | T70: 0.8 | U70: 1 | V70: audit | W70: N/A | X70: N | Y70: N | Z70: N/A | AA70: enrolled | AB70: 14 | AC70: =COUNTIF(E70:R70,"Not Attempted") -> 0 | AD70: =AB70-AC70-AE70 -> 0 | AE70: =COUNTIF(E70:R70,1) -> 14 | AF70: =IF(AC70=14,"Chưa tham gia học lần nào","") | AG70: =IF(AND(MIN(E70:R70)>=1,COUNT(E70:R70)=COUNTA(E70:R70)),"Pass","Fail") -> Pass | AH70: =COUNT(T70,">=0.5") -> 1 | AI70: =IF(AND(AG70="Pass",AH70>=0.5),"Đủ Điều kiện dự thi","Fail") -> Đủ Điều kiện dự thi | AJ70: =VLOOKUP(A70,'DSSV VIE1016'!$B$2:$D$55,3,0) -> #N/A
A71: pc01664 | B71: hiepntpc01664@fpt.edu.vn | C71: hiepntpc01664 | D71: 2 | E71: 1 | F71: 1 | G71: 1 | H71: 1 | I71: 1 | J71: 1 | K71: 1 | L71: 1 | M71: 1 | N71: 1 | O71: 1 | P71: 1 | Q71: 1 | R71: 1 | S71: 1 | T71: 1 | U71: Not Attempted | V71: audit | W71: N/A | X71: N | Y71: N | Z71: N/A | AA71: enrolled | AB71: 14 | AC71: =COUNTIF(E71:R71,"Not Attempted") -> 0 | AD71: =AB71-AC71-AE71 -> 0 | AE71: =COUNTIF(E71:R71,1) -> 14 | AF71: =IF(AC71=14,"Chưa tham gia học lần nào","") | AG71: =IF(AND(MIN(E71:R71)>=1,COUNT(E71:R71)=COUNTA(E71:R71)),"Pass","Fail") -> Pass | AH71: =COUNT(T71,">=0.5") -> 1 | AI71: =IF(AND(AG71="Pass",AH71>=0.5),"Đủ Điều kiện dự thi","Fail") -> Đủ Điều kiện dự thi | AJ71: =VLOOKUP(A71,'DSSV VIE1016'!$B$2:$D$55,3,0) -> #N/A
A72: ph17937 | B72: lucnnph17937@fpt.edu.vn | C72: lucnnph17937 | D72: 2 | E72: 1 | F72: 1 | G72: 1 | H72: 1 | I72: 1 | J72: 1 | K72: 1 | L72: 1 | M72: 1 | N72: 1 | O72: 1 | P72: 1 | Q72: 1 | R72: 1 | S72: 1 | T72: 1 | U72: Not Attempted | V72: audit | W72: N/A | X72: N | Y72: N | Z72: N/A | AA72: enrolled | AB72: 14 | AC72: =COUNTIF(E72:R72,"Not Attempted") -> 0 | AD72: =AB72-AC72-AE72 -> 0 | AE72: =COUNTIF(E72:R72,1) -> 14 | AF72: =IF(AC72=14,"Chưa tham gia học lần nào","") | AG72: =IF(AND(MIN(E72:R72)>=1,COUNT(E72:R72)=COUNTA(E72:R72)),"Pass","Fail") -> Pass | AH72: =COUNT(T72,">=0.5") -> 1 | AI72: =IF(AND(AG72="Pass",AH72>=0.5),"Đủ Điều kiện dự thi","Fail") -> Đủ Điều kiện dự thi | AJ72: =VLOOKUP(A72,'DSSV VIE1016'!$B$2:$D$55,3,0) -> #N/A
A73: ph16695 | B73: thuongltph16695@fpt.edu.vn | C73: thuongltph16695 | D73: 3 | E73: 1 | F73: 1 | G73: 1 | H73: 1 | I73: 1 | J73: 1 | K73: 1 | L73: 1 | M73: 1 | N73: 1 | O73: 1 | P73: 1 | Q73: 1 | R73: 1 | S73: 1 | T73: 1 | U73: 1 | V73: audit | W73: N/A | X73: N | Y73: N | Z73: N/A | AA73: enrolled | AB73: 14 | AC73: =COUNTIF(E73:R73,"Not Attempted") -> 0 | AD73: =AB73-AC73-AE73 -> 0 | AE73: =COUNTIF(E73:R73,1) -> 14 | AF73: =IF(AC73=14,"Chưa tham gia học lần nào","") | AG73: =IF(AND(MIN(E73:R73)>=1,COUNT(E73:R73)=COUNTA(E73:R73)),"Pass","Fail") -> Pass | AH73: =COUNT(T73,">=0.5") -> 1 | AI73: =IF(AND(AG73="Pass",AH73>=0.5),"Đủ Điều kiện dự thi","Fail") -> Đủ Điều kiện dự thi | AJ73: =VLOOKUP(A73,'DSSV VIE1016'!$B$2:$D$55,3,0) -> #N/A
A74: pc01435 | B74: tanntpc01435@fpt.edu.vn | C74: tanntpc01435 | D74: 3 | E74: 1 | F74: 1 | G74: 1 | H74: 1 | I74: 1 | J74: 1 | K74: 1 | L74: 1 | M74: 1 | N74: 1 | O74: 1 | P74: 1 | Q74: 1 | R74: 1 | S74: 1 | T74: 1 | U74: 1 | V74: audit | W74: N/A | X74: N | Y74: N | Z74: N/A | AA74: enrolled | AB74: 14 | AC74: =COUNTIF(E74:R74,"Not Attempted") -> 0 | AD74: =AB74-AC74-AE74 -> 0 | AE74: =COUNTIF(E74:R74,1) -> 14 | AF74: =IF(AC74=14,"Chưa tham gia học lần nào","") | AG74: =IF(AND(MIN(E74:R74)>=1,COUNT(E74:R74)=COUNTA(E74:R74)),"Pass","Fail") -> Pass | AH74: =COUNT(T74,">=0.5") -> 1 | AI74: =IF(AND(AG74="Pass",AH74>=0.5),"Đủ Điều kiện dự thi","Fail") -> Đủ Điều kiện dự thi | AJ74: =VLOOKUP(A74,'DSSV VIE1016'!$B$2:$D$55,3,0) -> #N/A
A75: ph16390 | B75: senpthph16390@fpt.edu.vn | C75: senpthph16390 | D75: 3 | E75: 1 | F75: 1 | G75: 1 | H75: 1 | I75: 1 | J75: 1 | K75: 1 | L75: 1 | M75: 1 | N75: 1 | O75: 1 | P75: 1 | Q75: 1 | R75: 1 | S75: 1 | T75: 1 | U75: 1 | V75: audit | W75: N/A | X75: N | Y75: N | Z75: N/A | AA75: enrolled | AB75: 14 | AC75: =COUNTIF(E75:R75,"Not Attempted") -> 0 | AD75: =AB75-AC75-AE75 -> 0 | AE75: =COUNTIF(E75:R75,1) -> 14 | AF75: =IF(AC75=14,"Chưa tham gia học lần nào","") | AG75: =IF(AND(MIN(E75:R75)>=1,COUNT(E75:R75)=COUNTA(E75:R75)),"Pass","Fail") -> Pass | AH75: =COUNT(T75,">=0.5") -> 1 | AI75: =IF(AND(AG75="Pass",AH75>=0.5),"Đủ Điều kiện dự thi","Fail") -> Đủ Điều kiện dự thi | AJ75: =VLOOKUP(A75,'DSSV VIE1016'!$B$2:$D$55,3,0) -> #N/A
A76: pc01854 | B76: trannthpc01854@fpt.edu.vn | C76: trannthpc01854 | D76: 3 | E76: 1 | F76: 1 | G76: 1 | H76: 1 | I76: 1 | J76: 1 | K76: 1 | L76: 1 | M76: 1 | N76: 1 | O76: 1 | P76: 1 | Q76: 1 | R76: 1 | S76: 1 | T76: 1 | U76: 1 | V76: audit | W76: N/A | X76: N | Y76: N | Z76: N/A | AA76: enrolled | AB76: 14 | AC76: =COUNTIF(E76:R76,"Not Attempted") -> 0 | AD76: =AB76-AC76-AE76 -> 0 | AE76: =COUNTIF(E76:R76,1) -> 14 | AF76: =IF(AC76=14,"Chưa tham gia học lần nào","") | AG76: =IF(AND(MIN(E76:R76)>=1,COUNT(E76:R76)=COUNTA(E76:R76)),"Pass","Fail") -> Pass | AH76: =COUNT(T76,">=0.5") -> 1 | AI76: =IF(AND(AG76="Pass",AH76>=0.5),"Đủ Điều kiện dự thi","Fail") -> Đủ Điều kiện dự thi | AJ76: =VLOOKUP(A76,'DSSV VIE1016'!$B$2:$D$55,3,0) -> #N/A
A77: ph16747 | B77: datbxph16747@fpt.edu.vn | C77: datbxph16747 | D77: 2.9 | E77: 1 | F77: 1 | G77: 1 | H77: 1 | I77: 1 | J77: 1 | K77: 1 | L77: 1 | M77: 1 | N77: 1 | O77: 1 | P77: 1 | Q77: 1 | R77: 1 | S77: 1 | T77: 0.9 | U77: 1 | V77: audit | W77: N/A | X77: N | Y77: N | Z77: N/A | AA77: enrolled | AB77: 14 | AC77: =COUNTIF(E77:R77,"Not Attempted") -> 0 | AD77: =AB77-AC77-AE77 -> 0 | AE77: =COUNTIF(E77:R77,1) -> 14 | AF77: =IF(AC77=14,"Chưa tham gia học lần nào","") | AG77: =IF(AND(MIN(E77:R77)>=1,COUNT(E77:R77)=COUNTA(E77:R77)),"Pass","Fail") -> Pass | AH77: =COUNT(T77,">=0.5") -> 1 | AI77: =IF(AND(AG77="Pass",AH77>=0.5),"Đủ Điều kiện dự thi","Fail") -> Đủ Điều kiện dự thi | AJ77: =VLOOKUP(A77,'DSSV VIE1016'!$B$2:$D$55,3,0) -> #N/A
A78: pc02064 | B78: nghiptppc02064@fpt.edu.vn | C78: nghiptppc02064 | D78: 2.9 | E78: 1 | F78: 1 | G78: 1 | H78: 1 | I78: 1 | J78: 1 | K78: 1 | L78: 1 | M78: 1 | N78: 1 | O78: 1 | P78: 1 | Q78: 1 | R78: 1 | S78: 1 | T78: 0.9 | U78: 1 | V78: audit | W78: N/A | X78: N | Y78: N | Z78: N/A | AA78: enrolled | AB78: 14 | AC78: =COUNTIF(E78:R78,"Not Attempted") -> 0 | AD78: =AB78-AC78-AE78 -> 0 | AE78: =COUNTIF(E78:R78,1) -> 14 | AF78: =IF(AC78=14,"Chưa tham gia học lần nào","") | AG78: =IF(AND(MIN(E78:R78)>=1,COUNT(E78:R78)=COUNTA(E78:R78)),"Pass","Fail") -> Pass | AH78: =COUNT(T78,">=0.5") -> 1 | AI78: =IF(AND(AG78="Pass",AH78>=0.5),"Đủ Điều kiện dự thi","Fail") -> Đủ Điều kiện dự thi | AJ78: =VLOOKUP(A78,'DSSV VIE1016'!$B$2:$D$55,3,0) -> #N/A
A79: pc01719 | B79: dinhhvpc01719@fpt.edu.vn | C79: dinhhvpc01719 | D79: 3 | E79: 1 | F79: 1 | G79: 1 | H79: 1 | I79: 1 | J79: 1 | K79: 1 | L79: 1 | M79: 1 | N79: 1 | O79: 1 | P79: 1 | Q79: 1 | R79: 1 | S79: 1 | T79: 1 | U79: 1 | V79: audit | W79: N/A | X79: N | Y79: N | Z79: N/A | AA79: enrolled | AB79: 14 | AC79: =COUNTIF(E79:R79,"Not Attempted") -> 0 | AD79: =AB79-AC79-AE79 -> 0 | AE79: =COUNTIF(E79:R79,1) -> 14 | AF79: =IF(AC79=14,"Chưa tham gia học lần nào","") | AG79: =IF(AND(MIN(E79:R79)>=1,COUNT(E79:R79)=COUNTA(E79:R79)),"Pass","Fail") -> Pass | AH79: =COUNT(T79,">=0.5") -> 1 | AI79: =IF(AND(AG79="Pass",AH79>=0.5),"Đủ Điều kiện dự thi","Fail") -> Đủ Điều kiện dự thi | AJ79: =VLOOKUP(A79,'DSSV VIE1016'!$B$2:$D$55,3,0) -> #N/A
A80: pc02675 | B80: ngannkpc02675@fpt.edu.vn | C80: ngannkpc02675 | D80: 3 | E80: 1 | F80: 1 | G80: 1 | H80: 1 | I80: 1 | J80: 1 | K80: 1 | L80: 1 | M80: 1 | N80: 1 | O80: 1 | P80: 1 | Q80: 1 | R80: 1 | S80: 1 | T80: 1 | U80: 1 | V80: audit | W80: N/A | X80: N | Y80: N | Z80: N/A | AA80: enrolled | AB80: 14 | AC80: =COUNTIF(E80:R80,"Not Attempted") -> 0 | AD80: =AB80-AC80-AE80 -> 0 | AE80: =COUNTIF(E80:R80,1) -> 14 | AF80: =IF(AC80=14,"Chưa tham gia học lần nào","") | AG80: =IF(AND(MIN(E80:R80)>=1,COUNT(E80:R80)=COUNTA(E80:R80)),"Pass","Fail") -> Pass | AH80: =COUNT(T80,">=0.5") -> 1 | AI80: =IF(AND(AG80="Pass",AH80>=0.5),"Đủ Điều kiện dự thi","Fail") -> Đủ Điều kiện dự thi | AJ80: =VLOOKUP(A80,'DSSV VIE1016'!$B$2:$D$55,3,0) -> #N/A
A81: pc02494 | B81: datnmpc02494@fpt.edu.vn | C81: datnmpc02494 | D81: 2 | E81: 1 | F81: 1 | G81: 1 | H81: 1 | I81: 1 | J81: 1 | K81: 1 | L81: 1 | M81: 1 | N81: 1 | O81: 1 | P81: 1 | Q81: 1 | R81: 1 | S81: 1 | T81: Not Attempted | U81: 1 | V81: audit | W81: N/A | X81: N | Y81: N | Z81: N/A | AA81: enrolled | AB81: 14 | AC81: =COUNTIF(E81:R81,"Not Attempted") -> 0 | AD81: =AB81-AC81-AE81 -> 0 | AE81: =COUNTIF(E81:R81,1) -> 14 | AF81: =IF(AC81=14,"Chưa tham gia học lần nào","") | AG81: =IF(AND(MIN(E81:R81)>=1,COUNT(E81:R81)=COUNTA(E81:R81)),"Pass","Fail") -> Pass | AH81: =COUNT(T81,">=0.5") -> 0 | AI81: =IF(AND(AG81="Pass",AH81>=0.5),"Đủ Điều kiện dự thi","Fail") -> Fail | AJ81: =VLOOKUP(A81,'DSSV VIE1016'!$B$2:$D$55,3,0) -> #N/A
A82: ph14225 | B82: thachlhph14225@fpt.edu.vn | C82: thachlhph14225 | D82: 3 | E82: 1 | F82: 1 | G82: 1 | H82: 1 | I82: 1 | J82: 1 | K82: 1 | L82: 1 | M82: 1 | N82: 1 | O82: 1 | P82: 1 | Q82: 1 | R82: 1 | S82: 1 | T82: 1 | U82: 1 | V82: audit | W82: N/A | X82: N | Y82: N | Z82: N/A | AA82: enrolled | AB82: 14 | AC82: =COUNTIF(E82:R82,"Not Attempted") -> 0 | AD82: =AB82-AC82-AE82 -> 0 | AE82: =COUNTIF(E82:R82,1) -> 14 | AF82: =IF(AC82=14,"Chưa tham gia học lần nào","") | AG82: =IF(AND(MIN(E82:R82)>=1,COUNT(E82:R82)=COUNTA(E82:R82)),"Pass","Fail") -> Pass | AH82: =COUNT(T82,">=0.5") -> 1 | AI82: =IF(AND(AG82="Pass",AH82>=0.5),"Đủ Điều kiện dự thi","Fail") -> Đủ Điều kiện dự thi | AJ82: =VLOOKUP(A82,'DSSV VIE1016'!$B$2:$D$55,3,0) -> #N/A
A83: pc01460 | B83: lynttpc01460@fpt.edu.vn | C83: lynttpc01460 | D83: 3 | E83: 1 | F83: 1 | G83: 1 | H83: 1 | I83: 1 | J83: 1 | K83: 1 | L83: 1 | M83: 1 | N83: 1 | O83: 1 | P83: 1 | Q83: 1 | R83: 1 | S83: 1 | T83: 1 | U83: 1 | V83: audit | W83: N/A | X83: N | Y83: N | Z83: N/A | AA83: enrolled | AB83: 14 | AC83: =COUNTIF(E83:R83,"Not Attempted") -> 0 | AD83: =AB83-AC83-AE83 -> 0 | AE83: =COUNTIF(E83:R83,1) -> 14 | AF83: =IF(AC83=14,"Chưa tham gia học lần nào","") | AG83: =IF(AND(MIN(E83:R83)>=1,COUNT(E83:R83)=COUNTA(E83:R83)),"Pass","Fail") -> Pass | AH83: =COUNT(T83,">=0.5") -> 1 | AI83: =IF(AND(AG83="Pass",AH83>=0.5),"Đủ Điều kiện dự thi","Fail") -> Đủ Điều kiện dự thi | AJ83: =VLOOKUP(A83,'DSSV VIE1016'!$B$2:$D$55,3,0) -> #N/A
A84: ph16478 | B84: hailhph16478@fpt.edu.vn | C84: hailhph16478 | D84: 2.9 | E84: 1 | F84: 1 | G84: 1 | H84: 1 | I84: 1 | J84: 1 | K84: 1 | L84: 1 | M84: 1 | N84: 1 | O84: 1 | P84: 1 | Q84: 1 | R84: 1 | S84: 1 | T84: 0.9 | U84: 1 | V84: audit | W84: N/A | X84: N | Y84: N | Z84: N/A | AA84: enrolled | AB84: 14 | AC84: =COUNTIF(E84:R84,"Not Attempted") -> 0 | AD84: =AB84-AC84-AE84 -> 0 | AE84: =COUNTIF(E84:R84,1) -> 14 | AF84: =IF(AC84=14,"Chưa tham gia học lần nào","") | AG84: =IF(AND(MIN(E84:R84)>=1,COUNT(E84:R84)=COUNTA(E84:R84)),"Pass","Fail") -> Pass | AH84: =COUNT(T84,">=0.5") -> 1 | AI84: =IF(AND(AG84="Pass",AH84>=0.5),"Đủ Điều kiện dự thi","Fail") -> Đủ Điều kiện dự thi | AJ84: =VLOOKUP(A84,'DSSV VIE1016'!$B$2:$D$55,3,0) -> #N/A
A85: ph17681 | B85: anhdtnph17681@fpt.edu.vn | C85: anhdtnph17681 | D85: 2 | E85: 1 | F85: 1 | G85: 1 | H85: 1 | I85: 1 | J85: 1 | K85: 1 | L85: 1 | M85: 1 | N85: 1 | O85: 1 | P85: 1 | Q85: 1 | R85: 1 | S85: 1 | T85: 1 | U85: Not Attempted | V85: audit | W85: N/A | X85: N | Y85: N | Z85: N/A | AA85: enrolled | AB85: 14 | AC85: =COUNTIF(E85:R85,"Not Attempted") -> 0 | AD85: =AB85-AC85-AE85 -> 0 | AE85: =COUNTIF(E85:R85,1) -> 14 | AF85: =IF(AC85=14,"Chưa tham gia học lần nào","") | AG85: =IF(AND(MIN(E85:R85)>=1,COUNT(E85:R85)=COUNTA(E85:R85)),"Pass","Fail") -> Pass | AH85: =COUNT(T85,">=0.5") -> 1 | AI85: =IF(AND(AG85="Pass",AH85>=0.5),"Đủ Điều kiện dự thi","Fail") -> Đủ Điều kiện dự thi | AJ85: =VLOOKUP(A85,'DSSV VIE1016'!$B$2:$D$55,3,0) -> #N/A
A86: ph14824 | B86: minhdtph14824@fpt.edu.vn | C86: minhdtph14824 | D86: 3 | E86: 1 | F86: 1 | G86: 1 | H86: 1 | I86: 1 | J86: 1 | K86: 1 | L86: 1 | M86: 1 | N86: 1 | O86: 1 | P86: 1 | Q86: 1 | R86: 1 | S86: 1 | T86: 1 | U86: 1 | V86: audit | W86: N/A | X86: N | Y86: N | Z86: N/A | AA86: enrolled | AB86: 14 | AC86: =COUNTIF(E86:R86,"Not Attempted") -> 0 | AD86: =AB86-AC86-AE86 -> 0 | AE86: =COUNTIF(E86:R86,1) -> 14 | AF86: =IF(AC86=14,"Chưa tham gia học lần nào","") | AG86: =IF(AND(MIN(E86:R86)>=1,COUNT(E86:R86)=COUNTA(E86:R86)),"Pass","Fail") -> Pass | AH86: =COUNT(T86,">=0.5") -> 1 | AI86: =IF(AND(AG86="Pass",AH86>=0.5),"Đủ Điều kiện dự thi","Fail") -> Đủ Điều kiện dự thi | AJ86: =VLOOKUP(A86,'DSSV VIE1016'!$B$2:$D$55,3,0) -> #N/A
A87: ph18278 | B87: linhnttph18278@fpt.edu.vn | C87: linhnttph18278 | D87: 0.64 | E87: 1 | F87: 1 | G87: 1 | H87: 1 | I87: 1 | J87: 1 | K87: 1 | L87: 1 | M87: 1 | N87: Not Attempted | O87: Not Attempted | P87: Not Attempted | Q87: Not Attempted | R87: Not Attempted | S87: 0.64285714 | T87: Not Attempted | U87: Not Attempted | V87: audit | W87: N/A | X87: N | Y87: N | Z87: N/A | AA87: enrolled | AB87: 14 | AC87: =COUNTIF(E87:R87,"Not Attempted") -> 5 | AD87: =AB87-AC87-AE87 -> 0 | AE87: =COUNTIF(E87:R87,1) -> 9 | AF87: =IF(AC87=14,"Chưa tham gia học lần nào","") | AG87: =IF(AND(MIN(E87:R87)>=1,COUNT(E87:R87)=COUNTA(E87:R87)),"Pass","Fail") -> Fail | AH87: =COUNT(T87,">=0.5") -> 0 | AI87: =IF(AND(AG87="Pass",AH87>=0.5),"Đủ Điều kiện dự thi","Fail") -> Fail | AJ87: =VLOOKUP(A87,'DSSV VIE1016'!$B$2:$D$55,3,0) -> #N/A
A88: pc02531 | B88: truongtnpc02531@fpt.edu.vn | C88: truongtnpc02531 | D88: 3 | E88: 1 | F88: 1 | G88: 1 | H88: 1 | I88: 1 | J88: 1 | K88: 1 | L88: 1 | M88: 1 | N88: 1 | O88: 1 | P88: 1 | Q88: 1 | R88: 1 | S88: 1 | T88: 1 | U88: 1 | V88: audit | W88: N/A | X88: N | Y88: N | Z88: N/A | AA88: enrolled | AB88: 14 | AC88: =COUNTIF(E88:R88,"Not Attempted") -> 0 | AD88: =AB88-AC88-AE88 -> 0 | AE88: =COUNTIF(E88:R88,1) -> 14 | AF88: =IF(AC88=14,"Chưa tham gia học lần nào","") | AG88: =IF(AND(MIN(E88:R88)>=1,COUNT(E88:R88)=COUNTA(E88:R88)),"Pass","Fail") -> Pass | AH88: =COUNT(T88,">=0.5") -> 1 | AI88: =IF(AND(AG88="Pass",AH88>=0.5),"Đủ Điều kiện dự thi","Fail") -> Đủ Điều kiện dự thi | AJ88: =VLOOKUP(A88,'DSSV VIE1016'!$B$2:$D$55,3,0) -> #N/A
A89: pc02036 | B89: huynthpc02036@fpt.edu.vn | C89: huynthpc02036 | D89: 3 | E89: 1 | F89: 1 | G89: 1 | H89: 1 | I89: 1 | J89: 1 | K89: 1 | L89: 1 | M89: 1 | N89: 1 | O89: 1 | P89: 1 | Q89: 1 | R89: 1 | S89: 1 | T89: 1 | U89: 1 | V89: audit | W89: N/A | X89: N | Y89: N | Z89: N/A | AA89: enrolled | AB89: 14 | AC89: =COUNTIF(E89:R89,"Not Attempted") -> 0 | AD89: =AB89-AC89-AE89 -> 0 | AE89: =COUNTIF(E89:R89,1) -> 14 | AF89: =IF(AC89=14,"Chưa tham gia học lần nào","") | AG89: =IF(AND(MIN(E89:R89)>=1,COUNT(E89:R89)=COUNTA(E89:R89)),"Pass","Fail") -> Pass | AH89: =COUNT(T89,">=0.5") -> 1 | AI89: =IF(AND(AG89="Pass",AH89>=0.5),"Đủ Điều kiện dự thi","Fail") -> Đủ Điều kiện dự thi | AJ89: =VLOOKUP(A89,'DSSV VIE1016'!$B$2:$D$55,3,0) -> #N/A
A90: ph17644 | B90: ducntph17644@fpt.edu.vn | C90: ducntph17644 | D90: 2 | E90: 1 | F90: 1 | G90: 1 | H90: 1 | I90: 1 | J90: 1 | K90: 1 | L90: 1 | M90: 1 | N90: 1 | O90: 1 | P90: 1 | Q90: 1 | R90: 1 | S90: 1 | T90: 1 | U90: Not Attempted | V90: audit | W90: N/A | X90: N | Y90: N | Z90: N/A | AA90: enrolled | AB90: 14 | AC90: =COUNTIF(E90:R90,"Not Attempted") -> 0 | AD90: =AB90-AC90-AE90 -> 0 | AE90: =COUNTIF(E90:R90,1) -> 14 | AF90: =IF(AC90=14,"Chưa tham gia học lần nào","") | AG90: =IF(AND(MIN(E90:R90)>=1,COUNT(E90:R90)=COUNTA(E90:R90)),"Pass","Fail") -> Pass | AH90: =COUNT(T90,">=0.5") -> 1 | AI90: =IF(AND(AG90="Pass",AH90>=0.5),"Đủ Điều kiện dự thi","Fail") -> Đủ Điều kiện dự thi | AJ90: =VLOOKUP(A90,'DSSV VIE1016'!$B$2:$D$55,3,0) -> #N/A
A91: pc02462 | B91: huydgpc02462@fpt.edu.vn | C91: huydgpc02462 | D91: 2 | E91: 1 | F91: 1 | G91: 1 | H91: 1 | I91: 1 | J91: 1 | K91: 1 | L91: 1 | M91: 1 | N91: 1 | O91: 1 | P91: 1 | Q91: 1 | R91: 1 | S91: 1 | T91: 1 | U91: Not Attempted | V91: audit | W91: N/A | X91: N | Y91: N | Z91: N/A | AA91: enrolled | AB91: 14 | AC91: =COUNTIF(E91:R91,"Not Attempted") -> 0 | AD91: =AB91-AC91-AE91 -> 0 | AE91: =COUNTIF(E91:R91,1) -> 14 | AF91: =IF(AC91=14,"Chưa tham gia học lần nào","") | AG91: =IF(AND(MIN(E91:R91)>=1,COUNT(E91:R91)=COUNTA(E91:R91)),"Pass","Fail") -> Pass | AH91: =COUNT(T91,">=0.5") -> 1 | AI91: =IF(AND(AG91="Pass",AH91>=0.5),"Đủ Điều kiện dự thi","Fail") -> Đủ Điều kiện dự thi | AJ91: =VLOOKUP(A91,'DSSV VIE1016'!$B$2:$D$55,3,0) -> #N/A
A92: ph17235 | B92: huongdtph17235@fpt.edu.vn | C92: huongdtph17235 | D92: 3 | E92: 1 | F92: 1 | G92: 1 | H92: 1 | I92: 1 | J92: 1 | K92: 1 | L92: 1 | M92: 1 | N92: 1 | O92: 1 | P92: 1 | Q92: 1 | R92: 1 | S92: 1 | T92: 1 | U92: 1 | V92: audit | W92: N/A | X92: N | Y92: N | Z92: N/A | AA92: enrolled | AB92: 14 | AC92: =COUNTIF(E92:R92,"Not Attempted") -> 0 | AD92: =AB92-AC92-AE92 -> 0 | AE92: =COUNTIF(E92:R92,1) -> 14 | AF92: =IF(AC92=14,"Chưa tham gia học lần nào","") | AG92: =IF(AND(MIN(E92:R92)>=1,COUNT(E92:R92)=COUNTA(E92:R92)),"Pass","Fail") -> Pass | AH92: =COUNT(T92,">=0.5") -> 1 | AI92: =IF(AND(AG92="Pass",AH92>=0.5),"Đủ Điều kiện dự thi","Fail") -> Đủ Điều kiện dự thi | AJ92: =VLOOKUP(A92,'DSSV VIE1016'!$B$2:$D$55,3,0) -> #N/A
A93: pc01419 | B93: tuongnvpc01419@fpt.edu.vn | C93: tuongnvpc01419 | D93: 3 | E93: 1 | F93: 1 | G93: 1 | H93: 1 | I93: 1 | J93: 1 | K93: 1 | L93: 1 | M93: 1 | N93: 1 | O93: 1 | P93: 1 | Q93: 1 | R93: 1 | S93: 1 | T93: 1 | U93: 1 | V93: audit | W93: N/A | X93: N | Y93: N | Z93: N/A | AA93: enrolled | AB93: 14 | AC93: =COUNTIF(E93:R93,"Not Attempted") -> 0 | AD93: =AB93-AC93-AE93 -> 0 | AE93: =COUNTIF(E93:R93,1) -> 14 | AF93: =IF(AC93=14,"Chưa tham gia học lần nào","") | AG93: =IF(AND(MIN(E93:R93)>=1,COUNT(E93:R93)=COUNTA(E93:R93)),"Pass","Fail") -> Pass | AH93: =COUNT(T93,">=0.5") -> 1 | AI93: =IF(AND(AG93="Pass",AH93>=0.5),"Đủ Điều kiện dự thi","Fail") -> Đủ Điều kiện dự thi | AJ93: =VLOOKUP(A93,'DSSV VIE1016'!$B$2:$D$55,3,0) -> #N/A
A94: pc02508 | B94: khatcpc02508@fpt.edu.vn | C94: khatcpc02508 | D94: 2 | E94: 1 | F94: 1 | G94: 1 | H94: 1 | I94: 1 | J94: 1 | K94: 1 | L94: 1 | M94: 1 | N94: 1 | O94: 1 | P94: 1 | Q94: 1 | R94: 1 | S94: 1 | T94: 1 | U94: Not Attempted | V94: audit | W94: N/A | X94: N | Y94: N | Z94: N/A | AA94: enrolled | AB94: 14 | AC94: =COUNTIF(E94:R94,"Not Attempted") -> 0 | AD94: =AB94-AC94-AE94 -> 0 | AE94: =COUNTIF(E94:R94,1) -> 14 | AF94: =IF(AC94=14,"Chưa tham gia học lần nào","") | AG94: =IF(AND(MIN(E94:R94)>=1,COUNT(E94:R94)=COUNTA(E94:R94)),"Pass","Fail") -> Pass | AH94: =COUNT(T94,">=0.5") -> 1 | AI94: =IF(AND(AG94="Pass",AH94>=0.5),"Đủ Điều kiện dự thi","Fail") -> Đủ Điều kiện dự thi | AJ94: =VLOOKUP(A94,'DSSV VIE1016'!$B$2:$D$55,3,0) -> #N/A
A95: pc02474 | B95: huypqpc02474@fpt.edu.vn | C95: huypqpc02474 | D95: 3 | E95: 1 | F95: 1 | G95: 1 | H95: 1 | I95: 1 | J95: 1 | K95: 1 | L95: 1 | M95: 1 | N95: 1 | O95: 1 | P95: 1 | Q95: 1 | R95: 1 | S95: 1 | T95: 1 | U95: 1 | V95: audit | W95: N/A | X95: N | Y95: N | Z95: N/A | AA95: enrolled | AB95: 14 | AC95: =COUNTIF(E95:R95,"Not Attempted") -> 0 | AD95: =AB95-AC95-AE95 -> 0 | AE95: =COUNTIF(E95:R95,1) -> 14 | AF95: =IF(AC95=14,"Chưa tham gia học lần nào","") | AG95: =IF(AND(MIN(E95:R95)>=1,COUNT(E95:R95)=COUNTA(E95:R95)),"Pass","Fail") -> Pass | AH95: =COUNT(T95,">=0.5") -> 1 | AI95: =IF(AND(AG95="Pass",AH95>=0.5),"Đủ Điều kiện dự thi","Fail") -> Đủ Điều kiện dự thi | AJ95: =VLOOKUP(A95,'DSSV VIE1016'!$B$2:$D$55,3,0) -> #N/A
A96: ph15386 | B96: thanhdnph15386@fpt.edu.vn | C96: thanhdnph15386 | D96: 3 | E96: 1 | F96: 1 | G96: 1 | H96: 1 | I96: 1 | J96: 1 | K96: 1 | L96: 1 | M96: 1 | N96: 1 | O96: 1 | P96: 1 | Q96: 1 | R96: 1 | S96: 1 | T96: 1 | U96: 1 | V96: audit | W96: N/A | X96: N | Y96: N | Z96: N/A | AA96: enrolled | AB96: 14 | AC96: =COUNTIF(E96:R96,"Not Attempted") -> 0 | AD96: =AB96-AC96-AE96 -> 0 | AE96: =COUNTIF(E96:R96,1) -> 14 | AF96: =IF(AC96=14,"Chưa tham gia học lần nào","") | AG96: =IF(AND(MIN(E96:R96)>=1,COUNT(E96:R96)=COUNTA(E96:R96)),"Pass","Fail") -> Pass | AH96: =COUNT(T96,">=0.5") -> 1 | AI96: =IF(AND(AG96="Pass",AH96>=0.5),"Đủ Điều kiện dự thi","Fail") -> Đủ Điều kiện dự thi | AJ96: =VLOOKUP(A96,'DSSV VIE1016'!$B$2:$D$55,3,0) -> #N/A
A97: pc02393 | B97: tramdnpc02393@fpt.edu.vn | C97: tramdnpc02393 | D97: 3 | E97: 1 | F97: 1 | G97: 1 | H97: 1 | I97: 1 | J97: 1 | K97: 1 | L97: 1 | M97: 1 | N97: 1 | O97: 1 | P97: 1 | Q97: 1 | R97: 1 | S97: 1 | T97: 1 | U97: 1 | V97: audit | W97: N/A | X97: N | Y97: N | Z97: N/A | AA97: enrolled | AB97: 14 | AC97: =COUNTIF(E97:R97,"Not Attempted") -> 0 | AD97: =AB97-AC97-AE97 -> 0 | AE97: =COUNTIF(E97:R97,1) -> 14 | AF97: =IF(AC97=14,"Chưa tham gia học lần nào","") | AG97: =IF(AND(MIN(E97:R97)>=1,COUNT(E97:R97)=COUNTA(E97:R97)),"Pass","Fail") -> Pass | AH97: =COUNT(T97,">=0.5") -> 1 | AI97: =IF(AND(AG97="Pass",AH97>=0.5),"Đủ Điều kiện dự thi","Fail") -> Đủ Điều kiện dự thi | AJ97: =VLOOKUP(A97,'DSSV VIE1016'!$B$2:$D$55,3,0) -> #N/A
A98: pc02636 | B98: tuyethapc02636@fpt.edu.vn | C98: tuyethapc02636 | D98: 2.9 | E98: 1 | F98: 1 | G98: 1 | H98: 1 | I98: 1 | J98: 1 | K98: 1 | L98: 1 | M98: 1 | N98: 1 | O98: 1 | P98: 1 | Q98: 1 | R98: 1 | S98: 1 | T98: 0.9 | U98: 1 | V98: audit | W98: N/A | X98: N | Y98: N | Z98: N/A | AA98: enrolled | AB98: 14 | AC98: =COUNTIF(E98:R98,"Not Attempted") -> 0 | AD98: =AB98-AC98-AE98 -> 0 | AE98: =COUNTIF(E98:R98,1) -> 14 | AF98: =IF(AC98=14,"Chưa tham gia học lần nào","") | AG98: =IF(AND(MIN(E98:R98)>=1,COUNT(E98:R98)=COUNTA(E98:R98)),"Pass","Fail") -> Pass | AH98: =COUNT(T98,">=0.5") -> 1 | AI98: =IF(AND(AG98="Pass",AH98>=0.5),"Đủ Điều kiện dự thi","Fail") -> Đủ Điều kiện dự thi | AJ98: =VLOOKUP(A98,'DSSV VIE1016'!$B$2:$D$55,3,0) -> #N/A
A99: pc02219 | B99: lynkpc02219@fpt.edu.vn | C99: lynkpc02219 | D99: 3 | E99: 1 | F99: 1 | G99: 1 | H99: 1 | I99: 1 | J99: 1 | K99: 1 | L99: 1 | M99: 1 | N99: 1 | O99: 1 | P99: 1 | Q99: 1 | R99: 1 | S99: 1 | T99: 1 | U99: 1 | V99: audit | W99: N/A | X99: N | Y99: N | Z99: N/A | AA99: enrolled | AB99: 14 | AC99: =COUNTIF(E99:R99,"Not Attempted") -> 0 | AD99: =AB99-AC99-AE99 -> 0 | AE99: =COUNTIF(E99:R99,1) -> 14 | AF99: =IF(AC99=14,"Chưa tham gia học lần nào","") | AG99: =IF(AND(MIN(E99:R99)>=1,COUNT(E99:R99)=COUNTA(E99:R99)),"Pass","Fail") -> Pass | AH99: =COUNT(T99,">=0.5") -> 1 | AI99: =IF(AND(AG99="Pass",AH99>=0.5),"Đủ Điều kiện dự thi","Fail") -> Đủ Điều kiện dự thi | AJ99: =VLOOKUP(A99,'DSSV VIE1016'!$B$2:$D$55,3,0) -> #N/A
A100: pc02500 | B100: hungnpc02500@fpt.edu.vn | C100: hungnpc02500 | D100: 2 | E100: 1 | F100: 1 | G100: 1 | H100: 1 | I100: 1 | J100: 1 | K100: 1 | L100: 1 | M100: 1 | N100: 1 | O100: 1 | P100: 1 | Q100: 1 | R100: 1 | S100: 1 | T100: 1 | U100: Not Attempted | V100: audit | W100: N/A | X100: N | Y100: N | Z100: N/A | AA100: enrolled | AB100: 14 | AC100: =COUNTIF(E100:R100,"Not Attempted") -> 0 | AD100: =AB100-AC100-AE100 -> 0 | AE100: =COUNTIF(E100:R100,1) -> 14 | AF100: =IF(AC100=14,"Chưa tham gia học lần nào","") | AG100: =IF(AND(MIN(E100:R100)>=1,COUNT(E100:R100)=COUNTA(E100:R100)),"Pass","Fail") -> Pass | AH100: =COUNT(T100,">=0.5") -> 1 | AI100: =IF(AND(AG100="Pass",AH100>=0.5),"Đủ Điều kiện dự thi","Fail") -> Đủ Điều kiện dự thi | AJ100: =VLOOKUP(A100,'DSSV VIE1016'!$B$2:$D$55,3,0) -> #N/A
...

Sheet DSSV VIE1016
A1: STT | B1: Mã | C1: HỌ VÀ TÊN | D1: Tên lớp | E1: Mã môn | F1: å Quiz | G1: å Quiz (Chưa học) | H1: å Quiz (Đang học) | I1: å Quiz (Đã đạt) | J1: ASM (đã đạt) | K1: Chưa tham gia học | L1: Điều kiện dự thi | M1: Tiến độ học tập | N1: ngày kết thúc | O1: Tuần | P1: 44402
A2: 1 | B2: PS12765 | C2: =VLOOKUP(B2,[1]DSSV!$A:$B,2,0) -> Đào Nhật Anh | D2: CHINHTRI_05_3 | E2: VIE1016 | F2: =VLOOKUP($B2,FPOLY_VIE1016!$A$2:$AI$15000,28,0) -> 14 | G2: =VLOOKUP($B2,FPOLY_VIE1016!$A$2:$AI$15000,29,0) -> 0 | H2: =VLOOKUP($B2,FPOLY_VIE1016!$A$2:$AI$15000,30,0) -> 0 | I2: =VLOOKUP($B2,FPOLY_VIE1016!$A$2:$AI$15000,31,0) -> 14 | J2: =VLOOKUP($B2,FPOLY_VIE1016!$A$2:$AI$15000,34,0) -> 1 | K2: =VLOOKUP($B2,FPOLY_VIE1016!$A$2:$AI$15000,32,0) | L2: =VLOOKUP($B2,FPOLY_VIE1016!$A$2:$AI$15000,35,0) -> Đủ Điều kiện dự thi | M2: =IF(I2<$P2,"Chậm tiến độ","") | N2: =VLOOKUP($D2&$E2,'DS lop'!$A$2:$H$10,8,0) -> 44413 | O2: 10 | P2: 9
A3: 2 | B3: PS11760 | C3: =VLOOKUP(B3,[1]DSSV!$A:$B,2,0) -> Lê Trâm Anh | D3: CHINHTRI_05_3 | E3: VIE1016 | F3: =VLOOKUP($B3,FPOLY_VIE1016!$A$2:$AI$15000,28,0) -> 14 | G3: =VLOOKUP($B3,FPOLY_VIE1016!$A$2:$AI$15000,29,0) -> 0 | H3: =VLOOKUP($B3,FPOLY_VIE1016!$A$2:$AI$15000,30,0) -> 0 | I3: =VLOOKUP($B3,FPOLY_VIE1016!$A$2:$AI$15000,31,0) -> 14 | J3: =VLOOKUP($B3,FPOLY_VIE1016!$A$2:$AI$15000,34,0) -> 1 | K3: =VLOOKUP($B3,FPOLY_VIE1016!$A$2:$AI$15000,32,0) | L3: =VLOOKUP($B3,FPOLY_VIE1016!$A$2:$AI$15000,35,0) -> Đủ Điều kiện dự thi | M3: =IF(I3<$P3,"Chậm tiến độ","") | N3: =VLOOKUP($D3&$E3,'DS lop'!$A$2:$H$10,8,0) -> 44413 | O3: 10 | P3: 9
A4: 3 | B4: PS13434 | C4: =VLOOKUP(B4,[1]DSSV!$A:$B,2,0) -> Nguyễn Quốc Anh | D4: CHINHTRI_05_3 | E4: VIE1016 | F4: =VLOOKUP($B4,FPOLY_VIE1016!$A$2:$AI$15000,28,0) -> 14 | G4: =VLOOKUP($B4,FPOLY_VIE1016!$A$2:$AI$15000,29,0) -> 14 | H4: =VLOOKUP($B4,FPOLY_VIE1016!$A$2:$AI$15000,30,0) -> 0 | I4: =VLOOKUP($B4,FPOLY_VIE1016!$A$2:$AI$15000,31,0) -> 0 | J4: =VLOOKUP($B4,FPOLY_VIE1016!$A$2:$AI$15000,34,0) -> 0 | K4: =VLOOKUP($B4,FPOLY_VIE1016!$A$2:$AI$15000,32,0) -> Chưa tham gia học lần nào | L4: =VLOOKUP($B4,FPOLY_VIE1016!$A$2:$AI$15000,35,0) -> Fail | M4: =IF(I4<$P4,"Chậm tiến độ","") -> Chậm tiến độ | N4: =VLOOKUP($D4&$E4,'DS lop'!$A$2:$H$10,8,0) -> 44413 | O4: 10 | P4: 9
A5: 4 | B5: PS12418 | C5: =VLOOKUP(B5,[1]DSSV!$A:$B,2,0) -> Phạm Tuấn Anh | D5: CHINHTRI_05_3 | E5: VIE1016 | F5: =VLOOKUP($B5,FPOLY_VIE1016!$A$2:$AI$15000,28,0) -> 14 | G5: =VLOOKUP($B5,FPOLY_VIE1016!$A$2:$AI$15000,29,0) -> 0 | H5: =VLOOKUP($B5,FPOLY_VIE1016!$A$2:$AI$15000,30,0) -> 0 | I5: =VLOOKUP($B5,FPOLY_VIE1016!$A$2:$AI$15000,31,0) -> 14 | J5: =VLOOKUP($B5,FPOLY_VIE1016!$A$2:$AI$15000,34,0) -> 1 | K5: =VLOOKUP($B5,FPOLY_VIE1016!$A$2:$AI$15000,32,0) | L5: =VLOOKUP($B5,FPOLY_VIE1016!$A$2:$AI$15000,35,0) -> Đủ Điều kiện dự thi | M5: =IF(I5<$P5,"Chậm tiến độ","") | N5: =VLOOKUP($D5&$E5,'DS lop'!$A$2:$H$10,8,0) -> 44413 | O5: 10 | P5: 9
A6: 5 | B6: PS11640 | C6: =VLOOKUP(B6,[1]DSSV!$A:$B,2,0) -> Nguyễn Trường An | D6: CHINHTRI_05_3 | E6: VIE1016 | F6: =VLOOKUP($B6,FPOLY_VIE1016!$A$2:$AI$15000,28,0) -> 14 | G6: =VLOOKUP($B6,FPOLY_VIE1016!$A$2:$AI$15000,29,0) -> 0 | H6: =VLOOKUP($B6,FPOLY_VIE1016!$A$2:$AI$15000,30,0) -> 0 | I6: =VLOOKUP($B6,FPOLY_VIE1016!$A$2:$AI$15000,31,0) -> 14 | J6: =VLOOKUP($B6,FPOLY_VIE1016!$A$2:$AI$15000,34,0) -> 1 | K6: =VLOOKUP($B6,FPOLY_VIE1016!$A$2:$AI$15000,32,0) | L6: =VLOOKUP($B6,FPOLY_VIE1016!$A$2:$AI$15000,35,0) -> Đủ Điều kiện dự thi | M6: =IF(I6<$P6,"Chậm tiến độ","") | N6: =VLOOKUP($D6&$E6,'DS lop'!$A$2:$H$10,8,0) -> 44413 | O6: 10 | P6: 9
A7: 6 | B7: PS13500 | C7: =VLOOKUP(B7,[1]DSSV!$A:$B,2,0) -> Huỳnh Nhật Bản | D7: CHINHTRI_05_3 | E7: VIE1016 | F7: =VLOOKUP($B7,FPOLY_VIE1016!$A$2:$AI$15000,28,0) -> 14 | G7: =VLOOKUP($B7,FPOLY_VIE1016!$A$2:$AI$15000,29,0) -> 0 | H7: =VLOOKUP($B7,FPOLY_VIE1016!$A$2:$AI$15000,30,0) -> 0 | I7: =VLOOKUP($B7,FPOLY_VIE1016!$A$2:$AI$15000,31,0) -> 14 | J7: =VLOOKUP($B7,FPOLY_VIE1016!$A$2:$AI$15000,34,0) -> 1 | K7: =VLOOKUP($B7,FPOLY_VIE1016!$A$2:$AI$15000,32,0) | L7: =VLOOKUP($B7,FPOLY_VIE1016!$A$2:$AI$15000,35,0) -> Đủ Điều kiện dự thi | M7: =IF(I7<$P7,"Chậm tiến độ","") | N7: =VLOOKUP($D7&$E7,'DS lop'!$A$2:$H$10,8,0) -> 44413 | O7: 10 | P7: 9
A8: 7 | B8: PS12536 | C8: =VLOOKUP(B8,[1]DSSV!$A:$B,2,0) -> Nguyễn Gia Bảo | D8: CHINHTRI_05_3 | E8: VIE1016 | F8: =VLOOKUP($B8,FPOLY_VIE1016!$A$2:$AI$15000,28,0) -> 14 | G8: =VLOOKUP($B8,FPOLY_VIE1016!$A$2:$AI$15000,29,0) -> 0 | H8: =VLOOKUP($B8,FPOLY_VIE1016!$A$2:$AI$15000,30,0) -> 0 | I8: =VLOOKUP($B8,FPOLY_VIE1016!$A$2:$AI$15000,31,0) -> 14 | J8: =VLOOKUP($B8,FPOLY_VIE1016!$A$2:$AI$15000,34,0) -> 1 | K8: =VLOOKUP($B8,FPOLY_VIE1016!$A$2:$AI$15000,32,0) | L8: =VLOOKUP($B8,FPOLY_VIE1016!$A$2:$AI$15000,35,0) -> Đủ Điều kiện dự thi | M8: =IF(I8<$P8,"Chậm tiến độ","") | N8: =VLOOKUP($D8&$E8,'DS lop'!$A$2:$H$10,8,0) -> 44413 | O8: 10 | P8: 9
A9: 8 | B9: PS11636 | C9: =VLOOKUP(B9,[1]DSSV!$A:$B,2,0) -> Nguyễn Ngọc Bảo | D9: CHINHTRI_05_3 | E9: VIE1016 | F9: =VLOOKUP($B9,FPOLY_VIE1016!$A$2:$AI$15000,28,0) -> 14 | G9: =VLOOKUP($B9,FPOLY_VIE1016!$A$2:$AI$15000,29,0) -> 0 | H9: =VLOOKUP($B9,FPOLY_VIE1016!$A$2:$AI$15000,30,0) -> 0 | I9: =VLOOKUP($B9,FPOLY_VIE1016!$A$2:$AI$15000,31,0) -> 14 | J9: =VLOOKUP($B9,FPOLY_VIE1016!$A$2:$AI$15000,34,0) -> 1 | K9: =VLOOKUP($B9,FPOLY_VIE1016!$A$2:$AI$15000,32,0) | L9: =VLOOKUP($B9,FPOLY_VIE1016!$A$2:$AI$15000,35,0) -> Đủ Điều kiện dự thi | M9: =IF(I9<$P9,"Chậm tiến độ","") | N9: =VLOOKUP($D9&$E9,'DS lop'!$A$2:$H$10,8,0) -> 44413 | O9: 10 | P9: 9
A10: 9 | B10: PS12694 | C10: =VLOOKUP(B10,[1]DSSV!$A:$B,2,0) -> Nguyễn Phan Gia Bảo | D10: CHINHTRI_05_3 | E10: VIE1016 | F10: =VLOOKUP($B10,FPOLY_VIE1016!$A$2:$AI$15000,28,0) -> 14 | G10: =VLOOKUP($B10,FPOLY_VIE1016!$A$2:$AI$15000,29,0) -> 0 | H10: =VLOOKUP($B10,FPOLY_VIE1016!$A$2:$AI$15000,30,0) -> 0 | I10: =VLOOKUP($B10,FPOLY_VIE1016!$A$2:$AI$15000,31,0) -> 14 | J10: =VLOOKUP($B10,FPOLY_VIE1016!$A$2:$AI$15000,34,0) -> 1 | K10: =VLOOKUP($B10,FPOLY_VIE1016!$A$2:$AI$15000,32,0) | L10: =VLOOKUP($B10,FPOLY_VIE1016!$A$2:$AI$15000,35,0) -> Đủ Điều kiện dự thi | M10: =IF(I10<$P10,"Chậm tiến độ","") | N10: =VLOOKUP($D10&$E10,'DS lop'!$A$2:$H$10,8,0) -> 44413 | O10: 10 | P10: 9
A11: 10 | B11: PS13363 | C11: =VLOOKUP(B11,[1]DSSV!$A:$B,2,0) -> Nguyễn Thanh Bình | D11: CHINHTRI_05_3 | E11: VIE1016 | F11: =VLOOKUP($B11,FPOLY_VIE1016!$A$2:$AI$15000,28,0) -> 14 | G11: =VLOOKUP($B11,FPOLY_VIE1016!$A$2:$AI$15000,29,0) -> 0 | H11: =VLOOKUP($B11,FPOLY_VIE1016!$A$2:$AI$15000,30,0) -> 0 | I11: =VLOOKUP($B11,FPOLY_VIE1016!$A$2:$AI$15000,31,0) -> 14 | J11: =VLOOKUP($B11,FPOLY_VIE1016!$A$2:$AI$15000,34,0) -> 1 | K11: =VLOOKUP($B11,FPOLY_VIE1016!$A$2:$AI$15000,32,0) | L11: =VLOOKUP($B11,FPOLY_VIE1016!$A$2:$AI$15000,35,0) -> Đủ Điều kiện dự thi | M11: =IF(I11<$P11,"Chậm tiến độ","") | N11: =VLOOKUP($D11&$E11,'DS lop'!$A$2:$H$10,8,0) -> 44413 | O11: 10 | P11: 9
A12: 11 | B12: PS14145 | C12: =VLOOKUP(B12,[1]DSSV!$A:$B,2,0) -> Trần Hải Bình | D12: CHINHTRI_05_3 | E12: VIE1016 | F12: =VLOOKUP($B12,FPOLY_VIE1016!$A$2:$AI$15000,28,0) -> 14 | G12: =VLOOKUP($B12,FPOLY_VIE1016!$A$2:$AI$15000,29,0) -> 0 | H12: =VLOOKUP($B12,FPOLY_VIE1016!$A$2:$AI$15000,30,0) -> 0 | I12: =VLOOKUP($B12,FPOLY_VIE1016!$A$2:$AI$15000,31,0) -> 14 | J12: =VLOOKUP($B12,FPOLY_VIE1016!$A$2:$AI$15000,34,0) -> 1 | K12: =VLOOKUP($B12,FPOLY_VIE1016!$A$2:$AI$15000,32,0) | L12: =VLOOKUP($B12,FPOLY_VIE1016!$A$2:$AI$15000,35,0) -> Đủ Điều kiện dự thi | M12: =IF(I12<$P12,"Chậm tiến độ","") | N12: =VLOOKUP($D12&$E12,'DS lop'!$A$2:$H$10,8,0) -> 44413 | O12: 10 | P12: 9
A13: 12 | B13: PS13531 | C13: =VLOOKUP(B13,[1]DSSV!$A:$B,2,0) -> Trần Lê Phúc Bình | D13: CHINHTRI_05_3 | E13: VIE1016 | F13: =VLOOKUP($B13,FPOLY_VIE1016!$A$2:$AI$15000,28,0) -> 14 | G13: =VLOOKUP($B13,FPOLY_VIE1016!$A$2:$AI$15000,29,0) -> 0 | H13: =VLOOKUP($B13,FPOLY_VIE1016!$A$2:$AI$15000,30,0) -> 0 | I13: =VLOOKUP($B13,FPOLY_VIE1016!$A$2:$AI$15000,31,0) -> 14 | J13: =VLOOKUP($B13,FPOLY_VIE1016!$A$2:$AI$15000,34,0) -> 1 | K13: =VLOOKUP($B13,FPOLY_VIE1016!$A$2:$AI$15000,32,0) | L13: =VLOOKUP($B13,FPOLY_VIE1016!$A$2:$AI$15000,35,0) -> Đủ Điều kiện dự thi | M13: =IF(I13<$P13,"Chậm tiến độ","") | N13: =VLOOKUP($D13&$E13,'DS lop'!$A$2:$H$10,8,0) -> 44413 | O13: 10 | P13: 9
... A819: 818 | B819: PS14598 | C819: =VLOOKUP(B819,[1]DSSV!$A:$B,2,0) -> Nguyễn Thị Xuân Yến | D819: CHINHTRI_03_2 | E819: VIE1016 | F819: =VLOOKUP($B819,FPOLY_VIE1016!$A$2:$AI$15000,28,0) -> 14 | G819: =VLOOKUP($B819,FPOLY_VIE1016!$A$2:$AI$15000,29,0) -> 0 | H819: =VLOOKUP($B819,FPOLY_VIE1016!$A$2:$AI$15000,30,0) -> 0 | I819: =VLOOKUP($B819,FPOLY_VIE1016!$A$2:$AI$15000,31,0) -> 14 | J819: =VLOOKUP($B819,FPOLY_VIE1016!$A$2:$AI$15000,34,0) -> 0 | K819: =VLOOKUP($B819,FPOLY_VIE1016!$A$2:$AI$15000,32,0) | L819: =VLOOKUP($B819,FPOLY_VIE1016!$A$2:$AI$15000,35,0) -> Fail | M819: =IF(I819<$P819,"Chậm tiến độ","") | N819: =VLOOKUP($D819&$E819,'DS lop'!$A$2:$H$10,8,0) -> 44417 | O819: 10 | P819: 9

Sheet Tke lop mon
A1: THỐNG KÊ TÌNH HÌNH HỌC ONLINE
A2: MÔN: | C2: VIE1016 | J2: =J3*100/G3 -> 75.764994
A3: Cơ sở | C3: HCM | G3: =SUM(G5:G107) -> 817 | H3: =SUM(H5:H107) -> 7 | I3: =SUM(I5:I107) -> 191 | J3: =SUM(J5:J107) -> 619 | K3: =H3/G3 -> 0.0085679315 | L3: =SUM(L5:L107) -> 84 | M3: =L3/G3 -> 0.10281518
A4: STT | B4: Môn | C4: Lớp | D4: Giảng viên | E4: Ngày bắt đầu học | F4: Ngày kết thúc | G4: å Sinh viên | H4: å Sinh viên (Chưa học) | I4: å Sinh viên (Đang học) | J4: å Sinh viên (Đủ điều kiện thi) | K4: Tỷ lệ (chưa tham dự học) | L4: å Sinh viên (Chậm tiến độ) | M4: Tỷ lệ (Chậm tiến độ) | N4: Quiz hoàn thành theo tiến độ
A5: 1 | B5: VIE1016 | C5: CHINHTRI_03_3 | D5: huongltm | E5: 44375 | F5: 44412 | G5: 90 | H5: =COUNTIFS('DSSV VIE1016'!$D:$D,C5,'DSSV VIE1016'!$G:$G,8) -> 1 | I5: =G5-H5-J5 -> 18 | J5: =COUNTIFS('DSSV VIE1016'!$D:$D,'Tke lop mon'!C5,'DSSV VIE1016'!$L:$L,"Đủ Điều kiện dự thi") -> 71 | K5: =IF(G5=H5,"Chưa có sv tham dự học",H5/G5) -> 0.011111111 | L5: =COUNTIFS('DSSV VIE1016'!$D:$D,'Tke lop mon'!C5,'DSSV VIE1016'!$M:$M,"Chậm tiến độ") -> 9 | M5: =L5/G5 -> 0.1 | N5: =VLOOKUP(Table2[[#This Row],[Lớp]],'DSSV VIE1016'!$D$2:$P$998,13,0) -> 9
A6: 2 | B6: VIE1016 | C6: CHINHTRI_05_3 | D6: trangptt42 | E6: 44376 | F6: 44413 | G6: 98 | H6: =COUNTIFS('DSSV VIE1016'!$D:$D,C6,'DSSV VIE1016'!$G:$G,8) -> 1 | I6: =G6-H6-J6 -> 26 | J6: =COUNTIFS('DSSV VIE1016'!$D:$D,'Tke lop mon'!C6,'DSSV VIE1016'!$L:$L,"Đủ Điều kiện dự thi") -> 71 | K6: =IF(G6=H6,"Chưa có sv tham dự học",H6/G6) -> 0.010204082 | L6: =COUNTIFS('DSSV VIE1016'!$D:$D,'Tke lop mon'!C6,'DSSV VIE1016'!$M:$M,"Chậm tiến độ") -> 11 | M6: =L6/G6 -> 0.1122449 | N6: =VLOOKUP(Table2[[#This Row],[Lớp]],'DSSV VIE1016'!$D$2:$P$998,13,0) -> 9
A7: 3 | B7: VIE1016 | C7: CHINHTRI_01_3 | D7: trangptt42 | E7: 44377 | F7: 44414 | G7: 88 | H7: =COUNTIFS('DSSV VIE1016'!$D:$D,C7,'DSSV VIE1016'!$G:$G,8) -> 0 | I7: =G7-H7-J7 -> 19 | J7: =COUNTIFS('DSSV VIE1016'!$D:$D,'Tke lop mon'!C7,'DSSV VIE1016'!$L:$L,"Đủ Điều kiện dự thi") -> 69 | K7: =IF(G7=H7,"Chưa có sv tham dự học",H7/G7) -> 0 | L7: =COUNTIFS('DSSV VIE1016'!$D:$D,'Tke lop mon'!C7,'DSSV VIE1016'!$M:$M,"Chậm tiến độ") -> 6 | M7: =L7/G7 -> 0.068181818 | N7: =VLOOKUP(Table2[[#This Row],[Lớp]],'DSSV VIE1016'!$D$2:$P$998,13,0) -> 9
A8: 4 | B8: VIE1016 | C8: CHINHTRI_06_3 | D8: trangptt42 | E8: 44377 | F8: 44414 | G8: 101 | H8: =COUNTIFS('DSSV VIE1016'!$D:$D,C8,'DSSV VIE1016'!$G:$G,8) -> 2 | I8: =G8-H8-J8 -> 31 | J8: =COUNTIFS('DSSV VIE1016'!$D:$D,'Tke lop mon'!C8,'DSSV VIE1016'!$L:$L,"Đủ Điều kiện dự thi") -> 68 | K8: =IF(G8=H8,"Chưa có sv tham dự học",H8/G8) -> 0.01980198 | L8: =COUNTIFS('DSSV VIE1016'!$D:$D,'Tke lop mon'!C8,'DSSV VIE1016'!$M:$M,"Chậm tiến độ") -> 8 | M8: =L8/G8 -> 0.079207921 | N8: =VLOOKUP(Table2[[#This Row],[Lớp]],'DSSV VIE1016'!$D$2:$P$998,13,0) -> 9
A9: 5 | B9: VIE1016 | C9: CHINHTRI_02_3 | D9: huongltm | E9: 44378 | F9: 44415 | G9: 98 | H9: =COUNTIFS('DSSV VIE1016'!$D:$D,C9,'DSSV VIE1016'!$G:$G,8) -> 0 | I9: =G9-H9-J9 -> 18 | J9: =COUNTIFS('DSSV VIE1016'!$D:$D,'Tke lop mon'!C9,'DSSV VIE1016'!$L:$L,"Đủ Điều kiện dự thi") -> 80 | K9: =IF(G9=H9,"Chưa có sv tham dự học",H9/G9) -> 0 | L9: =COUNTIFS('DSSV VIE1016'!$D:$D,'Tke lop mon'!C9,'DSSV VIE1016'!$M:$M,"Chậm tiến độ") -> 13 | M9: =L9/G9 -> 0.13265306 | N9: =VLOOKUP(Table2[[#This Row],[Lớp]],'DSSV VIE1016'!$D$2:$P$998,13,0) -> 9
A10: 6 | B10: VIE1016 | C10: CHINHTRI_04_3 | D10: huongltm | E10: 44379 | F10: 44417 | G10: 88 | H10: =COUNTIFS('DSSV VIE1016'!$D:$D,C10,'DSSV VIE1016'!$G:$G,8) -> 0 | I10: =G10-H10-J10 -> 10 | J10: =COUNTIFS('DSSV VIE1016'!$D:$D,'Tke lop mon'!C10,'DSSV VIE1016'!$L:$L,"Đủ Điều kiện dự thi") -> 78 | K10: =IF(G10=H10,"Chưa có sv tham dự học",H10/G10) -> 0 | L10: =COUNTIFS('DSSV VIE1016'!$D:$D,'Tke lop mon'!C10,'DSSV VIE1016'!$M:$M,"Chậm tiến độ") -> 5 | M10: =L10/G10 -> 0.056818182 | N10: =VLOOKUP(Table2[[#This Row],[Lớp]],'DSSV VIE1016'!$D$2:$P$998,13,0) -> 9
A11: 7 | B11: VIE1016 | C11: CHINHTRI_01_2 | D11: huongltm | E11: 44379 | F11: 44417 | G11: 82 | H11: =COUNTIFS('DSSV VIE1016'!$D:$D,C11,'DSSV VIE1016'!$G:$G,8) -> 0 | I11: =G11-H11-J11 -> 8 | J11: =COUNTIFS('DSSV VIE1016'!$D:$D,'Tke lop mon'!C11,'DSSV VIE1016'!$L:$L,"Đủ Điều kiện dự thi") -> 74 | K11: =IF(G11=H11,"Chưa có sv tham dự học",H11/G11) -> 0 | L11: =COUNTIFS('DSSV VIE1016'!$D:$D,'Tke lop mon'!C11,'DSSV VIE1016'!$M:$M,"Chậm tiến độ") -> 5 | M11: =L11/G11 -> 0.06097561 | N11: =VLOOKUP(Table2[[#This Row],[Lớp]],'DSSV VIE1016'!$D$2:$P$998,13,0) -> 9
A12: 8 | B12: VIE1016 | C12: CHINHTRI_02_2 | D12: trangptt42 | E12: 44379 | F12: 44417 | G12: 91 | H12: =COUNTIFS('DSSV VIE1016'!$D:$D,C12,'DSSV VIE1016'!$G:$G,8) -> 1 | I12: =G12-H12-J12 -> 43 | J12: =COUNTIFS('DSSV VIE1016'!$D:$D,'Tke lop mon'!C12,'DSSV VIE1016'!$L:$L,"Đủ Điều kiện dự thi") -> 47 | K12: =IF(G12=H12,"Chưa có sv tham dự học",H12/G12) -> 0.010989011 | L12: =COUNTIFS('DSSV VIE1016'!$D:$D,'Tke lop mon'!C12,'DSSV VIE1016'!$M:$M,"Chậm tiến độ") -> 17 | M12: =L12/G12 -> 0.18681319 | N12: =VLOOKUP(Table2[[#This Row],[Lớp]],'DSSV VIE1016'!$D$2:$P$998,13,0) -> 9
A13: 9 | B13: VIE1016 | C13: CHINHTRI_03_2 | D13: huongltm | E13: 44379 | F13: 44417 | G13: 81 | H13: =COUNTIFS('DSSV VIE1016'!$D:$D,C13,'DSSV VIE1016'!$G:$G,8) -> 2 | I13: =G13-H13-J13 -> 18 | J13: =COUNTIFS('DSSV VIE1016'!$D:$D,'Tke lop mon'!C13,'DSSV VIE1016'!$L:$L,"Đủ Điều kiện dự thi") -> 61 | K13: =IF(G13=H13,"Chưa có sv tham dự học",H13/G13) -> 0.024691358 | L13: =COUNTIFS('DSSV VIE1016'!$D:$D,'Tke lop mon'!C13,'DSSV VIE1016'!$M:$M,"Chậm tiến độ") -> 10 | M13: =L13/G13 -> 0.12345679 | N13: =VLOOKUP(Table2[[#This Row],[Lớp]],'DSSV VIE1016'!$D$2:$P$998,13,0) -> 9

Sheet Tke GV
A1: THỐNG KÊ GIẢNG VIÊN
B2: å Lớp | C2: å Sinh viên | D2: å Sinh viên (Chưa học) | E2: å Sinh viên (Đang học) | F2: å Sinh viên (Đủ điều kiện thi) | G2: Tỷ lệ (chưa tham dự học) | H2: å Sinh viên (Chậm tiến độ) | I2: Tỷ lệ (Chậm tiến độ)
A3: huongltm | B3: =COUNTIF('Tke lop mon'!$D:$D,'Tke GV'!$A3) -> 5 | C3: =SUMIF('Tke lop mon'!$D:$D,'Tke GV'!$A3,'Tke lop mon'!G:G) -> 439 | D3: =SUMIF('Tke lop mon'!$D:$D,'Tke GV'!$A3,'Tke lop mon'!H:H) -> 3 | E3: =SUMIF('Tke lop mon'!$D:$D,'Tke GV'!$A3,'Tke lop mon'!I:I) -> 72 | F3: =SUMIF('Tke lop mon'!$D:$D,'Tke GV'!$A3,'Tke lop mon'!J:J) -> 364 | G3: =IF(C3=D3,"Chưa có sv tham dự học",D3/C3) -> 0.006833713 | H3: =SUMIF('Tke lop mon'!$D:$D,'Tke GV'!$A3,'Tke lop mon'!L:L) -> 42 | I3: =H3/C3 -> 0.095671982
A4: trangptt42 | B4: =COUNTIF('Tke lop mon'!$D:$D,'Tke GV'!$A4) -> 4 | C4: =SUMIF('Tke lop mon'!$D:$D,'Tke GV'!$A4,'Tke lop mon'!G:G) -> 378 | D4: =SUMIF('Tke lop mon'!$D:$D,'Tke GV'!$A4,'Tke lop mon'!H:H) -> 4 | E4: =SUMIF('Tke lop mon'!$D:$D,'Tke GV'!$A4,'Tke lop mon'!I:I) -> 119 | F4: =SUMIF('Tke lop mon'!$D:$D,'Tke GV'!$A4,'Tke lop mon'!J:J) -> 255 | G4: =IF(C4=D4,"Chưa có sv tham dự học",D4/C4) -> 0.010582011 | H4: =SUMIF('Tke lop mon'!$D:$D,'Tke GV'!$A4,'Tke lop mon'!L:L) -> 42 | I4: =H4/C4 -> 0.11111111
A5: Total | B5: =SUM(B3:B3) -> 5 | C5: =SUM(C3:C3) -> 439 | D5: =SUM(D3:D3) -> 3 | E5: =SUM(E3:E3) -> 72 | F5: =SUM(F3:F3) -> 364 | G5: =IF(C5=D5,"Chưa có sv tham dự học",D5/C5) -> 0.006833713 | H5: =SUM(H3:H3) -> 42 | I5: =H5/C5 -> 0.095671982

Sheet DS lop
A1: TT | B1: Lớp | C1: Mã môn | D1: Môn | E1: GV | F1: SL | G1: Ngày bắt đầu | H1: Ngày kết thúc
A2: =B2&C2 -> CHINHTRI_03_3VIE1016 | B2: CHINHTRI_03_3 | C2: VIE1016 | D2: Chính trị | E2: huongltm | F2: 90 | G2: 44375 | H2: 44412
A3: =B3&C3 -> CHINHTRI_05_3VIE1016 | B3: CHINHTRI_05_3 | C3: VIE1016 | D3: Chính trị | E3: trangptt42 | F3: 98 | G3: 44376 | H3: 44413
A4: =B4&C4 -> CHINHTRI_01_3VIE1016 | B4: CHINHTRI_01_3 | C4: VIE1016 | D4: Chính trị | E4: trangptt42 | F4: 88 | G4: 44377 | H4: 44414
A5: =B5&C5 -> CHINHTRI_06_3VIE1016 | B5: CHINHTRI_06_3 | C5: VIE1016 | D5: Chính trị | E5: trangptt42 | F5: 101 | G5: 44377 | H5: 44414
A6: =B6&C6 -> CHINHTRI_02_3VIE1016 | B6: CHINHTRI_02_3 | C6: VIE1016 | D6: Chính trị | E6: huongltm | F6: 98 | G6: 44378 | H6: 44415
A7: =B7&C7 -> CHINHTRI_04_3VIE1016 | B7: CHINHTRI_04_3 | C7: VIE1016 | D7: Chính trị | E7: huongltm | F7: 88 | G7: 44379 | H7: 44417
A8: =B8&C8 -> CHINHTRI_01_2VIE1016 | B8: CHINHTRI_01_2 | C8: VIE1016 | D8: Chính trị | E8: huongltm | F8: 82 | G8: 44379 | H8: 44417
A9: =B9&C9 -> CHINHTRI_02_2VIE1016 | B9: CHINHTRI_02_2 | C9: VIE1016 | D9: Chính trị | E9: trangptt42 | F9: 91 | G9: 44379 | H9: 44417
A10: =B10&C10 -> CHINHTRI_03_2VIE1016 | B10: CHINHTRI_03_2 | C10: VIE1016 | D10: Chính trị | E10: huongltm | F10: 81 | G10: 44379 | H10: 44417

Sheet Ke hoach
A1: TT | B1: Môn | C1: Mã môn | D1: BM | E1: Tuần 8 (Block 2) | F1: Nghỉ hè | G1: Tuần 9 | H1: Tuần 10 | I1: Tuần 11 | J1: Tuần 12 | K1: Tuần 13 | L1: Tuần 14 | M1: 8 | N1: 9 | O1: 10 | P1: 11 | Q1: 12 | R1: 13 | S1: 14 | T1: 15
B2: từ ngày làm Quiz | E2: 44375 | F2: 44382 | G2: 44389 | H2: 44396 | I2: 44403 | J2: 44410 | K2: 44417 | L2: 44424 | M2: =E2 -> 44375 | N2: =F2 -> 44382 | O2: =G2 -> 44389 | P2: =H2 -> 44396 | Q2: =I2 -> 44403 | R2: =J2 -> 44410 | S2: =K2 -> 44417 | T2: =L2 -> 44424
B3: đến deadline hoàn thành Quiz | E3: 44381 | F3: 44388 | G3: 44395 | H3: 44402 | I3: 44409 | J3: 44416 | K3: 44423 | L3: 44430 | M3: =E3 -> 44381 | N3: =F3 -> 44388 | O3: =G3 -> 44395 | P3: =H3 -> 44402 | Q3: =I3 -> 44409 | R3: =J3 -> 44416 | S3: =K3 -> 44423 | T3: =L3 -> 44430
A4: 1 | B4: Tiếng Anh 1.1 | C4: ENT1125 | D4: CB | E4: Quiz 1 | F4: Quiz 2 | G4: Quiz 3 | H4: Quiz 4 | I4: Quiz 5 | J4: Quiz 6 | K4: Quiz 7 | L4: Quiz 8 | M4: =IFERROR(MID(RIGHT(E4,2),FIND("-",RIGHT(E4,2),1)+1,2),TRIM(RIGHT(E4,2))) -> 1 | N4: =IFERROR(MID(RIGHT(F4,2),FIND("-",RIGHT(F4,2),1)+1,2),TRIM(RIGHT(F4,2))) -> 2 | O4: =IFERROR(MID(RIGHT(G4,2),FIND("-",RIGHT(G4,2),1)+1,2),TRIM(RIGHT(G4,2))) -> 3 | P4: =IFERROR(MID(RIGHT(H4,2),FIND("-",RIGHT(H4,2),1)+1,2),TRIM(RIGHT(H4,2))) -> 4 | Q4: =IFERROR(MID(RIGHT(I4,2),FIND("-",RIGHT(I4,2),1)+1,2),TRIM(RIGHT(I4,2))) -> 5 | R4: =IFERROR(MID(RIGHT(J4,2),FIND("-",RIGHT(J4,2),1)+1,2),TRIM(RIGHT(J4,2))) -> 6 | S4: =IFERROR(MID(RIGHT(K4,2),FIND("-",RIGHT(K4,2),1)+1,2),TRIM(RIGHT(K4,2))) -> 7 | T4: =IFERROR(MID(RIGHT(L4,2),FIND("-",RIGHT(L4,2),1)+1,2),TRIM(RIGHT(L4,2))) -> 8
A5: 2 | B5: Tiếng Anh 1.2 | C5: ENT1225 | D5: CB | E5: Quiz 1 | F5: Quiz 2 | G5: Quiz 3 | H5: Quiz 4 | I5: Quiz 5 | J5: Quiz 6 | K5: Quiz 7 | L5: Quiz 8 | M5: =IFERROR(MID(RIGHT(E5,2),FIND("-",RIGHT(E5,2),1)+1,2),TRIM(RIGHT(E5,2))) -> 1 | N5: =IFERROR(MID(RIGHT(F5,2),FIND("-",RIGHT(F5,2),1)+1,2),TRIM(RIGHT(F5,2))) -> 2 | O5: =IFERROR(MID(RIGHT(G5,2),FIND("-",RIGHT(G5,2),1)+1,2),TRIM(RIGHT(G5,2))) -> 3 | P5: =IFERROR(MID(RIGHT(H5,2),FIND("-",RIGHT(H5,2),1)+1,2),TRIM(RIGHT(H5,2))) -> 4 | Q5: =IFERROR(MID(RIGHT(I5,2),FIND("-",RIGHT(I5,2),1)+1,2),TRIM(RIGHT(I5,2))) -> 5 | R5: =IFERROR(MID(RIGHT(J5,2),FIND("-",RIGHT(J5,2),1)+1,2),TRIM(RIGHT(J5,2))) -> 6 | S5: =IFERROR(MID(RIGHT(K5,2),FIND("-",RIGHT(K5,2),1)+1,2),TRIM(RIGHT(K5,2))) -> 7 | T5: =IFERROR(MID(RIGHT(L5,2),FIND("-",RIGHT(L5,2),1)+1,2),TRIM(RIGHT(L5,2))) -> 8
A6: 3 | B6: Tiếng Anh 2.1 | C6: ENT2125 | D6: CB | E6: Quiz 1 | F6: Quiz 2 | G6: Quiz 3 | H6: Quiz 4 | I6: Quiz 5 | J6: Quiz 6 | K6: Quiz 7 | L6: Quiz 8 | M6: =IFERROR(MID(RIGHT(E6,2),FIND("-",RIGHT(E6,2),1)+1,2),TRIM(RIGHT(E6,2))) -> 1 | N6: =IFERROR(MID(RIGHT(F6,2),FIND("-",RIGHT(F6,2),1)+1,2),TRIM(RIGHT(F6,2))) -> 2 | O6: =IFERROR(MID(RIGHT(G6,2),FIND("-",RIGHT(G6,2),1)+1,2),TRIM(RIGHT(G6,2))) -> 3 | P6: =IFERROR(MID(RIGHT(H6,2),FIND("-",RIGHT(H6,2),1)+1,2),TRIM(RIGHT(H6,2))) -> 4 | Q6: =IFERROR(MID(RIGHT(I6,2),FIND("-",RIGHT(I6,2),1)+1,2),TRIM(RIGHT(I6,2))) -> 5 | R6: =IFERROR(MID(RIGHT(J6,2),FIND("-",RIGHT(J6,2),1)+1,2),TRIM(RIGHT(J6,2))) -> 6 | S6: =IFERROR(MID(RIGHT(K6,2),FIND("-",RIGHT(K6,2),1)+1,2),TRIM(RIGHT(K6,2))) -> 7 | T6: =IFERROR(MID(RIGHT(L6,2),FIND("-",RIGHT(L6,2),1)+1,2),TRIM(RIGHT(L6,2))) -> 8
A7: 4 | B7: Tiếng Anh 2.2 | C7: ENT2225 | D7: CB | E7: Quiz 1 | F7: Quiz 2 | G7: Quiz 3 | H7: Quiz 4 | I7: Quiz 5 | J7: Quiz 6 | K7: Quiz 7 | L7: Quiz 8 | M7: =IFERROR(MID(RIGHT(E7,2),FIND("-",RIGHT(E7,2),1)+1,2),TRIM(RIGHT(E7,2))) -> 1 | N7: =IFERROR(MID(RIGHT(F7,2),FIND("-",RIGHT(F7,2),1)+1,2),TRIM(RIGHT(F7,2))) -> 2 | O7: =IFERROR(MID(RIGHT(G7,2),FIND("-",RIGHT(G7,2),1)+1,2),TRIM(RIGHT(G7,2))) -> 3 | P7: =IFERROR(MID(RIGHT(H7,2),FIND("-",RIGHT(H7,2),1)+1,2),TRIM(RIGHT(H7,2))) -> 4 | Q7: =IFERROR(MID(RIGHT(I7,2),FIND("-",RIGHT(I7,2),1)+1,2),TRIM(RIGHT(I7,2))) -> 5 | R7: =IFERROR(MID(RIGHT(J7,2),FIND("-",RIGHT(J7,2),1)+1,2),TRIM(RIGHT(J7,2))) -> 6 | S7: =IFERROR(MID(RIGHT(K7,2),FIND("-",RIGHT(K7,2),1)+1,2),TRIM(RIGHT(K7,2))) -> 7 | T7: =IFERROR(MID(RIGHT(L7,2),FIND("-",RIGHT(L7,2),1)+1,2),TRIM(RIGHT(L7,2))) -> 8
A8: 5 | B8: Chính trị | C8: VIE1016 | D8: CB | E8: Quiz 1-3 | F8: Quiz 4-6 | G8: Quiz 7-9 | H8: Quiz 10-12 | I8: Quiz 13-14 | J8: Ôn + Thi | L8: Quiz 1-3 | M8: =IFERROR(MID(RIGHT(E8,2),FIND("-",RIGHT(E8,2),1)+1,2),TRIM(RIGHT(E8,2))) -> 3 | N8: =IFERROR(MID(RIGHT(F8,2),FIND("-",RIGHT(F8,2),1)+1,2),TRIM(RIGHT(F8,2))) -> 6 | O8: =IFERROR(MID(RIGHT(G8,2),FIND("-",RIGHT(G8,2),1)+1,2),TRIM(RIGHT(G8,2))) -> 9 | P8: =IFERROR(MID(RIGHT(H8,2),FIND("-",RIGHT(H8,2),1)+1,2),TRIM(RIGHT(H8,2))) -> 12 | Q8: =IFERROR(MID(RIGHT(I8,2),FIND("-",RIGHT(I8,2),1)+1,2),TRIM(RIGHT(I8,2))) -> 14 | R8: =IFERROR(MID(RIGHT(J8,2),FIND("-",RIGHT(J8,2),1)+1,2),TRIM(RIGHT(J8,2))) -> hi | S8: =IFERROR(MID(RIGHT(K8,2),FIND("-",RIGHT(K8,2),1)+1,2),TRIM(RIGHT(K8,2))) | T8: =IFERROR(MID(RIGHT(L8,2),FIND("-",RIGHT(L8,2),1)+1,2),TRIM(RIGHT(L8,2))) -> 3
A9: 6 | B9: Pháp luật | C9: VIE1026 | D9: CB | E9: Quiz 1-3 | G9: Quiz 4-6 | H9: Quiz 7-9 | I9: Quiz 10-12 | J9: Quiz 13-14 | K9: Ôn + Thi | M9: =IFERROR(MID(RIGHT(E9,2),FIND("-",RIGHT(E9,2),1)+1,2),TRIM(RIGHT(E9,2))) -> 3 | N9: =IFERROR(MID(RIGHT(F9,2),FIND("-",RIGHT(F9,2),1)+1,2),TRIM(RIGHT(F9,2))) | O9: =IFERROR(MID(RIGHT(G9,2),FIND("-",RIGHT(G9,2),1)+1,2),TRIM(RIGHT(G9,2))) -> 6 | P9: =IFERROR(MID(RIGHT(H9,2),FIND("-",RIGHT(H9,2),1)+1,2),TRIM(RIGHT(H9,2))) -> 9 | Q9: =IFERROR(MID(RIGHT(I9,2),FIND("-",RIGHT(I9,2),1)+1,2),TRIM(RIGHT(I9,2))) -> 12 | R9: =IFERROR(MID(RIGHT(J9,2),FIND("-",RIGHT(J9,2),1)+1,2),TRIM(RIGHT(J9,2))) -> 14 | S9: =IFERROR(MID(RIGHT(K9,2),FIND("-",RIGHT(K9,2),1)+1,2),TRIM(RIGHT(K9,2))) -> hi | T9: =IFERROR(MID(RIGHT(L9,2),FIND("-",RIGHT(L9,2),1)+1,2),TRIM(RIGHT(L9,2)))
A10: 7 | B10: Tin học | C10: COM107 | D10: CNTT | E10: Quiz 1-2 | F10: Quiz 3 | G10: Quiz 4 | H10: Quiz 5-6 | I10: Quiz 7 | J10: Quiz 8 | K10: Ôn + Thi | L10: Quiz 1-2 | M10: =IFERROR(MID(RIGHT(E10,2),FIND("-",RIGHT(E10,2),1)+1,2),TRIM(RIGHT(E10,2))) -> 2 | N10: =IFERROR(MID(RIGHT(F10,2),FIND("-",RIGHT(F10,2),1)+1,2),TRIM(RIGHT(F10,2))) -> 3 | O10: =IFERROR(MID(RIGHT(G10,2),FIND("-",RIGHT(G10,2),1)+1,2),TRIM(RIGHT(G10,2))) -> 4 | P10: =IFERROR(MID(RIGHT(H10,2),FIND("-",RIGHT(H10,2),1)+1,2),TRIM(RIGHT(H10,2))) -> 6 | Q10: =IFERROR(MID(RIGHT(I10,2),FIND("-",RIGHT(I10,2),1)+1,2),TRIM(RIGHT(I10,2))) -> 7 | R10: =IFERROR(MID(RIGHT(J10,2),FIND("-",RIGHT(J10,2),1)+1,2),TRIM(RIGHT(J10,2))) -> 8 | S10: =IFERROR(MID(RIGHT(K10,2),FIND("-",RIGHT(K10,2),1)+1,2),TRIM(RIGHT(K10,2))) -> hi | T10: =IFERROR(MID(RIGHT(L10,2),FIND("-",RIGHT(L10,2),1)+1,2),TRIM(RIGHT(L10,2))) -> 2
A11: 8 | B11: Thiết kế web với HTML5&CSS3 | C11: WEB3023 | D11: CNTT | E11: Quiz 1-2 | F11: Quiz 3 | G11: Quiz 4 | H11: Quiz 5-6 | I11: Quiz 7 | J11: Quiz 8 | K11: Ôn + Thi | L11: Quiz 1-2 | M11: =IFERROR(MID(RIGHT(E11,2),FIND("-",RIGHT(E11,2),1)+1,2),TRIM(RIGHT(E11,2))) -> 2 | N11: =IFERROR(MID(RIGHT(F11,2),FIND("-",RIGHT(F11,2),1)+1,2),TRIM(RIGHT(F11,2))) -> 3 | O11: =IFERROR(MID(RIGHT(G11,2),FIND("-",RIGHT(G11,2),1)+1,2),TRIM(RIGHT(G11,2))) -> 4 | P11: =IFERROR(MID(RIGHT(H11,2),FIND("-",RIGHT(H11,2),1)+1,2),TRIM(RIGHT(H11,2))) -> 6 | Q11: =IFERROR(MID(RIGHT(I11,2),FIND("-",RIGHT(I11,2),1)+1,2),TRIM(RIGHT(I11,2))) -> 7 | R11: =IFERROR(MID(RIGHT(J11,2),FIND("-",RIGHT(J11,2),1)+1,2),TRIM(RIGHT(J11,2))) -> 8 | S11: =IFERROR(MID(RIGHT(K11,2),FIND("-",RIGHT(K11,2),1)+1,2),TRIM(RIGHT(K11,2))) -> hi | T11: =IFERROR(MID(RIGHT(L11,2),FIND("-",RIGHT(L11,2),1)+1,2),TRIM(RIGHT(L11,2))) -> 2
A12: 9 | B12: Dự án mẫu (UDPM.NET) | C12: SOF205 | D12: UDPM | E12: Quiz 1-2 | F12: Quiz 3 | G12: Quiz 4 | H12: Quiz 5-6 | I12: Quiz 7 | J12: Quiz 8 | K12: Ôn + Thi | L12: Quiz 1-2 | M12: =IFERROR(MID(RIGHT(E12,2),FIND("-",RIGHT(E12,2),1)+1,2),TRIM(RIGHT(E12,2))) -> 2 | N12: =IFERROR(MID(RIGHT(F12,2),FIND("-",RIGHT(F12,2),1)+1,2),TRIM(RIGHT(F12,2))) -> 3 | O12: =IFERROR(MID(RIGHT(G12,2),FIND("-",RIGHT(G12,2),1)+1,2),TRIM(RIGHT(G12,2))) -> 4 | P12: =IFERROR(MID(RIGHT(H12,2),FIND("-",RIGHT(H12,2),1)+1,2),TRIM(RIGHT(H12,2))) -> 6 | Q12: =IFERROR(MID(RIGHT(I12,2),FIND("-",RIGHT(I12,2),1)+1,2),TRIM(RIGHT(I12,2))) -> 7 | R12: =IFERROR(MID(RIGHT(J12,2),FIND("-",RIGHT(J12,2),1)+1,2),TRIM(RIGHT(J12,2))) -> 8 | S12: =IFERROR(MID(RIGHT(K12,2),FIND("-",RIGHT(K12,2),1)+1,2),TRIM(RIGHT(K12,2))) -> hi | T12: =IFERROR(MID(RIGHT(L12,2),FIND("-",RIGHT(L12,2),1)+1,2),TRIM(RIGHT(L12,2))) -> 2
A13: 10 | B13: Dự án mẫu (UDPM.JAVA) | C13: SOF2041 | D13: UDPM | E13: Quiz 1-2 | F13: Quiz 3 | G13: Quiz 4 | H13: Quiz 5-6 | I13: Quiz 7 | J13: Quiz 8 | K13: Ôn + Thi | L13: Quiz 1-2 | M13: =IFERROR(MID(RIGHT(E13,2),FIND("-",RIGHT(E13,2),1)+1,2),TRIM(RIGHT(E13,2))) -> 2 | N13: =IFERROR(MID(RIGHT(F13,2),FIND("-",RIGHT(F13,2),1)+1,2),TRIM(RIGHT(F13,2))) -> 3 | O13: =IFERROR(MID(RIGHT(G13,2),FIND("-",RIGHT(G13,2),1)+1,2),TRIM(RIGHT(G13,2))) -> 4 | P13: =IFERROR(MID(RIGHT(H13,2),FIND("-",RIGHT(H13,2),1)+1,2),TRIM(RIGHT(H13,2))) -> 6 | Q13: =IFERROR(MID(RIGHT(I13,2),FIND("-",RIGHT(I13,2),1)+1,2),TRIM(RIGHT(I13,2))) -> 7 | R13: =IFERROR(MID(RIGHT(J13,2),FIND("-",RIGHT(J13,2),1)+1,2),TRIM(RIGHT(J13,2))) -> 8 | S13: =IFERROR(MID(RIGHT(K13,2),FIND("-",RIGHT(K13,2),1)+1,2),TRIM(RIGHT(K13,2))) -> hi | T13: =IFERROR(MID(RIGHT(L13,2),FIND("-",RIGHT(L13,2),1)+1,2),TRIM(RIGHT(L13,2))) -> 2
A14: 11 | B14: Kinh tế | C14: BUS1024 | D14: KT | E14: Quiz 1-3 | F14: Quiz 4-6 | G14: Quiz 7-8 | H14: Quiz 9-10 | I14: Quiz 11-12 | J14: Quiz 13-14 | K14: Ôn + Thi | L14: Quiz 1-3 | M14: =IFERROR(MID(RIGHT(E14,2),FIND("-",RIGHT(E14,2),1)+1,2),TRIM(RIGHT(E14,2))) -> 3 | N14: =IFERROR(MID(RIGHT(F14,2),FIND("-",RIGHT(F14,2),1)+1,2),TRIM(RIGHT(F14,2))) -> 6 | O14: =IFERROR(MID(RIGHT(G14,2),FIND("-",RIGHT(G14,2),1)+1,2),TRIM(RIGHT(G14,2))) -> 8 | P14: =IFERROR(MID(RIGHT(H14,2),FIND("-",RIGHT(H14,2),1)+1,2),TRIM(RIGHT(H14,2))) -> 10 | Q14: =IFERROR(MID(RIGHT(I14,2),FIND("-",RIGHT(I14,2),1)+1,2),TRIM(RIGHT(I14,2))) -> 12 | R14: =IFERROR(MID(RIGHT(J14,2),FIND("-",RIGHT(J14,2),1)+1,2),TRIM(RIGHT(J14,2))) -> 14 | S14: =IFERROR(MID(RIGHT(K14,2),FIND("-",RIGHT(K14,2),1)+1,2),TRIM(RIGHT(K14,2))) -> hi | T14: =IFERROR(MID(RIGHT(L14,2),FIND("-",RIGHT(L14,2),1)+1,2),TRIM(RIGHT(L14,2))) -> 3
A15: 12 | B15: An toàn và an ninh trong NHKS | C15: HOS105 | D15: DLNHKS | E15: Quiz 1-2 | F15: Quiz 3-4 | G15: Quiz 5-6 | H15: Quiz 7-8 | I15: Quiz 9-10 | J15: Quiz 11 | K15: Ôn + Thi | L15: Quiz 1-2 | M15: =IFERROR(MID(RIGHT(E15,2),FIND("-",RIGHT(E15,2),1)+1,2),TRIM(RIGHT(E15,2))) -> 2 | N15: =IFERROR(MID(RIGHT(F15,2),FIND("-",RIGHT(F15,2),1)+1,2),TRIM(RIGHT(F15,2))) -> 4 | O15: =IFERROR(MID(RIGHT(G15,2),FIND("-",RIGHT(G15,2),1)+1,2),TRIM(RIGHT(G15,2))) -> 6 | P15: =IFERROR(MID(RIGHT(H15,2),FIND("-",RIGHT(H15,2),1)+1,2),TRIM(RIGHT(H15,2))) -> 8 | Q15: =IFERROR(MID(RIGHT(I15,2),FIND("-",RIGHT(I15,2),1)+1,2),TRIM(RIGHT(I15,2))) -> 10 | R15: =IFERROR(MID(RIGHT(J15,2),FIND("-",RIGHT(J15,2),1)+1,2),TRIM(RIGHT(J15,2))) -> 11 | S15: =IFERROR(MID(RIGHT(K15,2),FIND("-",RIGHT(K15,2),1)+1,2),TRIM(RIGHT(K15,2))) -> hi | T15: =IFERROR(MID(RIGHT(L15,2),FIND("-",RIGHT(L15,2),1)+1,2),TRIM(RIGHT(L15,2))) -> 2
A16: 13 | B16: Tâm lý và kỹ năng giao tiếp ứng xử với khách hàng | C16: PSY1011 | D16: DLNHKS | E16: Quiz 1-2 | F16: Quiz 3-4 | G16: Quiz 5-6 | H16: Quiz 7-8 | I16: Quiz 9-10 | J16: Quiz 11 | K16: Ôn + Thi | L16: Quiz 1-2 | M16: =IFERROR(MID(RIGHT(E16,2),FIND("-",RIGHT(E16,2),1)+1,2),TRIM(RIGHT(E16,2))) -> 2 | N16: =IFERROR(MID(RIGHT(F16,2),FIND("-",RIGHT(F16,2),1)+1,2),TRIM(RIGHT(F16,2))) -> 4 | O16: =IFERROR(MID(RIGHT(G16,2),FIND("-",RIGHT(G16,2),1)+1,2),TRIM(RIGHT(G16,2))) -> 6 | P16: =IFERROR(MID(RIGHT(H16,2),FIND("-",RIGHT(H16,2),1)+1,2),TRIM(RIGHT(H16,2))) -> 8 | Q16: =IFERROR(MID(RIGHT(I16,2),FIND("-",RIGHT(I16,2),1)+1,2),TRIM(RIGHT(I16,2))) -> 10 | R16: =IFERROR(MID(RIGHT(J16,2),FIND("-",RIGHT(J16,2),1)+1,2),TRIM(RIGHT(J16,2))) -> 11 | S16: =IFERROR(MID(RIGHT(K16,2),FIND("-",RIGHT(K16,2),1)+1,2),TRIM(RIGHT(K16,2))) -> hi | T16: =IFERROR(MID(RIGHT(L16,2),FIND("-",RIGHT(L16,2),1)+1,2),TRIM(RIGHT(L16,2))) -> 2
A17: 14 | B17: Nghiệp vụ hướng dẫn 1 | C17: TOU2031 | D17: DLNHKS | E17: Quiz 1-2 | F17: Quiz 3-4 | G17: Quiz 5-6 | H17: Quiz 7-8 | I17: Quiz 9-10 | J17: Quiz 11 | K17: Ôn + Thi | L17: Quiz 1-2 | M17: =IFERROR(MID(RIGHT(E17,2),FIND("-",RIGHT(E17,2),1)+1,2),TRIM(RIGHT(E17,2))) -> 2 | N17: =IFERROR(MID(RIGHT(F17,2),FIND("-",RIGHT(F17,2),1)+1,2),TRIM(RIGHT(F17,2))) -> 4 | O17: =IFERROR(MID(RIGHT(G17,2),FIND("-",RIGHT(G17,2),1)+1,2),TRIM(RIGHT(G17,2))) -> 6 | P17: =IFERROR(MID(RIGHT(H17,2),FIND("-",RIGHT(H17,2),1)+1,2),TRIM(RIGHT(H17,2))) -> 8 | Q17: =IFERROR(MID(RIGHT(I17,2),FIND("-",RIGHT(I17,2),1)+1,2),TRIM(RIGHT(I17,2))) -> 10 | R17: =IFERROR(MID(RIGHT(J17,2),FIND("-",RIGHT(J17,2),1)+1,2),TRIM(RIGHT(J17,2))) -> 11 | S17: =IFERROR(MID(RIGHT(K17,2),FIND("-",RIGHT(K17,2),1)+1,2),TRIM(RIGHT(K17,2))) -> hi | T17: =IFERROR(MID(RIGHT(L17,2),FIND("-",RIGHT(L17,2),1)+1,2),TRIM(RIGHT(L17,2))) -> 2
A18: 15 | B18: Quản trị dạ tiệc và hội nghị | C18: HOS3031 | D18: DLNHKS | E18: Quiz 1-2 | F18: Quiz 3-4 | G18: Quiz 5-6 | H18: Quiz 7-8 | I18: Quiz 9-10 | J18: Quiz 11 | K18: Ôn + Thi | L18: Quiz 1-2 | M18: =IFERROR(MID(RIGHT(E18,2),FIND("-",RIGHT(E18,2),1)+1,2),TRIM(RIGHT(E18,2))) -> 2 | N18: =IFERROR(MID(RIGHT(F18,2),FIND("-",RIGHT(F18,2),1)+1,2),TRIM(RIGHT(F18,2))) -> 4 | O18: =IFERROR(MID(RIGHT(G18,2),FIND("-",RIGHT(G18,2),1)+1,2),TRIM(RIGHT(G18,2))) -> 6 | P18: =IFERROR(MID(RIGHT(H18,2),FIND("-",RIGHT(H18,2),1)+1,2),TRIM(RIGHT(H18,2))) -> 8 | Q18: =IFERROR(MID(RIGHT(I18,2),FIND("-",RIGHT(I18,2),1)+1,2),TRIM(RIGHT(I18,2))) -> 10 | R18: =IFERROR(MID(RIGHT(J18,2),FIND("-",RIGHT(J18,2),1)+1,2),TRIM(RIGHT(J18,2))) -> 11 | S18: =IFERROR(MID(RIGHT(K18,2),FIND("-",RIGHT(K18,2),1)+1,2),TRIM(RIGHT(K18,2))) -> hi | T18: =IFERROR(MID(RIGHT(L18,2),FIND("-",RIGHT(L18,2),1)+1,2),TRIM(RIGHT(L18,2))) -> 2
A19: 16 | B19: Cấu trúc dữ liệu và giải thuật | C19: SOF307 | D19: UDPM | E19: Quiz 1-2 | F19: Quiz 3 | G19: Quiz 4 | H19: Quiz 5-6 | I19: Quiz 7 | J19: Quiz 8 | K19: Ôn + Thi | L19: Quiz 1-2 | M19: =IFERROR(MID(RIGHT(E19,2),FIND("-",RIGHT(E19,2),1)+1,2),TRIM(RIGHT(E19,2))) -> 2 | N19: =IFERROR(MID(RIGHT(F19,2),FIND("-",RIGHT(F19,2),1)+1,2),TRIM(RIGHT(F19,2))) -> 3 | O19: =IFERROR(MID(RIGHT(G19,2),FIND("-",RIGHT(G19,2),1)+1,2),TRIM(RIGHT(G19,2))) -> 4 | P19: =IFERROR(MID(RIGHT(H19,2),FIND("-",RIGHT(H19,2),1)+1,2),TRIM(RIGHT(H19,2))) -> 6 | Q19: =IFERROR(MID(RIGHT(I19,2),FIND("-",RIGHT(I19,2),1)+1,2),TRIM(RIGHT(I19,2))) -> 7 | R19: =IFERROR(MID(RIGHT(J19,2),FIND("-",RIGHT(J19,2),1)+1,2),TRIM(RIGHT(J19,2))) -> 8 | S19: =IFERROR(MID(RIGHT(K19,2),FIND("-",RIGHT(K19,2),1)+1,2),TRIM(RIGHT(K19,2))) -> hi | T19: =IFERROR(MID(RIGHT(L19,2),FIND("-",RIGHT(L19,2),1)+1,2),TRIM(RIGHT(L19,2))) -> 2
A20: 17 | B20: Dự án mẫu (TKTW) | C20: WEB2041 | D20: CNTT | E20: Quiz 1-2 | F20: Quiz 3 | G20: Quiz 4 | H20: Quiz 5-6 | I20: Quiz 7 | J20: Quiz 8 | K20: Ôn + Thi | L20: Quiz 1-2 | M20: =IFERROR(MID(RIGHT(E20,2),FIND("-",RIGHT(E20,2),1)+1,2),TRIM(RIGHT(E20,2))) -> 2 | N20: =IFERROR(MID(RIGHT(F20,2),FIND("-",RIGHT(F20,2),1)+1,2),TRIM(RIGHT(F20,2))) -> 3 | O20: =IFERROR(MID(RIGHT(G20,2),FIND("-",RIGHT(G20,2),1)+1,2),TRIM(RIGHT(G20,2))) -> 4 | P20: =IFERROR(MID(RIGHT(H20,2),FIND("-",RIGHT(H20,2),1)+1,2),TRIM(RIGHT(H20,2))) -> 6 | Q20: =IFERROR(MID(RIGHT(I20,2),FIND("-",RIGHT(I20,2),1)+1,2),TRIM(RIGHT(I20,2))) -> 7 | R20: =IFERROR(MID(RIGHT(J20,2),FIND("-",RIGHT(J20,2),1)+1,2),TRIM(RIGHT(J20,2))) -> 8 | S20: =IFERROR(MID(RIGHT(K20,2),FIND("-",RIGHT(K20,2),1)+1,2),TRIM(RIGHT(K20,2))) -> hi | T20: =IFERROR(MID(RIGHT(L20,2),FIND("-",RIGHT(L20,2),1)+1,2),TRIM(RIGHT(L20,2))) -> 2
A21: 18 | B21: Kịch bản phân cảnh và quay phim | C21: MUL219 | D21: TKDH | E21: Quiz 1-2 | F21: Quiz 3 | G21: Quiz 4 | H21: Quiz 5-6 | I21: Quiz 7 | J21: Quiz 8 | K21: Ôn + Thi | L21: Quiz 1-2 | M21: =IFERROR(MID(RIGHT(E21,2),FIND("-",RIGHT(E21,2),1)+1,2),TRIM(RIGHT(E21,2))) -> 2 | N21: =IFERROR(MID(RIGHT(F21,2),FIND("-",RIGHT(F21,2),1)+1,2),TRIM(RIGHT(F21,2))) -> 3 | O21: =IFERROR(MID(RIGHT(G21,2),FIND("-",RIGHT(G21,2),1)+1,2),TRIM(RIGHT(G21,2))) -> 4 | P21: =IFERROR(MID(RIGHT(H21,2),FIND("-",RIGHT(H21,2),1)+1,2),TRIM(RIGHT(H21,2))) -> 6 | Q21: =IFERROR(MID(RIGHT(I21,2),FIND("-",RIGHT(I21,2),1)+1,2),TRIM(RIGHT(I21,2))) -> 7 | R21: =IFERROR(MID(RIGHT(J21,2),FIND("-",RIGHT(J21,2),1)+1,2),TRIM(RIGHT(J21,2))) -> 8 | S21: =IFERROR(MID(RIGHT(K21,2),FIND("-",RIGHT(K21,2),1)+1,2),TRIM(RIGHT(K21,2))) -> hi | T21: =IFERROR(MID(RIGHT(L21,2),FIND("-",RIGHT(L21,2),1)+1,2),TRIM(RIGHT(L21,2))) -> 2
... A23: 20 | B23: Marketing dịch vụ | C23: MAR2051 | D23: KT | E23: Quiz 1-2 | F23: Quiz 3-4 | G23: Quiz 5-6 | H23: Quiz 7-8 | I23: Quiz 9-10 | J23: Quiz 11 | K23: Ôn + Thi | L23: Quiz 1-2 | M23: =IFERROR(MID(RIGHT(E23,2),FIND("-",RIGHT(E23,2),1)+1,2),TRIM(RIGHT(E23,2))) -> 2 | N23: =IFERROR(MID(RIGHT(F23,2),FIND("-",RIGHT(F23,2),1)+1,2),TRIM(RIGHT(F23,2))) -> 4 | O23: =IFERROR(MID(RIGHT(G23,2),FIND("-",RIGHT(G23,2),1)+1,2),TRIM(RIGHT(G23,2))) -> 6 | P23: =IFERROR(MID(RIGHT(H23,2),FIND("-",RIGHT(H23,2),1)+1,2),TRIM(RIGHT(H23,2))) -> 8 | Q23: =IFERROR(MID(RIGHT(I23,2),FIND("-",RIGHT(I23,2),1)+1,2),TRIM(RIGHT(I23,2))) -> 10 | R23: =IFERROR(MID(RIGHT(J23,2),FIND("-",RIGHT(J23,2),1)+1,2),TRIM(RIGHT(J23,2))) -> 11 | S23: =IFERROR(MID(RIGHT(K23,2),FIND("-",RIGHT(K23,2),1)+1,2),TRIM(RIGHT(K23,2))) -> hi | T23: =IFERROR(MID(RIGHT(L23,2),FIND("-",RIGHT(L23,2),1)+1,2),TRIM(RIGHT(L23,2))) -> 2
M24: =IFERROR(MID(RIGHT(E24,2),FIND("-",RIGHT(E24,2),1)+1,2),TRIM(RIGHT(E24,2))) | N24: =IFERROR(MID(RIGHT(F24,2),FIND("-",RIGHT(F24,2),1)+1,2),TRIM(RIGHT(F24,2))) | O24: =IFERROR(MID(RIGHT(G24,2),FIND("-",RIGHT(G24,2),1)+1,2),TRIM(RIGHT(G24,2))) | P24: =IFERROR(MID(RIGHT(H24,2),FIND("-",RIGHT(H24,2),1)+1,2),TRIM(RIGHT(H24,2))) | Q24: =IFERROR(MID(RIGHT(I24,2),FIND("-",RIGHT(I24,2),1)+1,2),TRIM(RIGHT(I24,2))) | R24: =IFERROR(MID(RIGHT(J24,2),FIND("-",RIGHT(J24,2),1)+1,2),TRIM(RIGHT(J24,2))) | S24: =IFERROR(MID(RIGHT(K24,2),FIND("-",RIGHT(K24,2),1)+1,2),TRIM(RIGHT(K24,2))) | T24: =IFERROR(MID(RIGHT(L24,2),FIND("-",RIGHT(L24,2),1)+1,2),TRIM(RIGHT(L24,2)))
M25: =IFERROR(MID(RIGHT(E25,2),FIND("-",RIGHT(E25,2),1)+1,2),TRIM(RIGHT(E25,2))) | N25: =IFERROR(MID(RIGHT(F25,2),FIND("-",RIGHT(F25,2),1)+1,2),TRIM(RIGHT(F25,2))) | O25: =IFERROR(MID(RIGHT(G25,2),FIND("-",RIGHT(G25,2),1)+1,2),TRIM(RIGHT(G25,2))) | P25: =IFERROR(MID(RIGHT(H25,2),FIND("-",RIGHT(H25,2),1)+1,2),TRIM(RIGHT(H25,2))) | Q25: =IFERROR(MID(RIGHT(I25,2),FIND("-",RIGHT(I25,2),1)+1,2),TRIM(RIGHT(I25,2))) | R25: =IFERROR(MID(RIGHT(J25,2),FIND("-",RIGHT(J25,2),1)+1,2),TRIM(RIGHT(J25,2))) | S25: =IFERROR(MID(RIGHT(K25,2),FIND("-",RIGHT(K25,2),1)+1,2),TRIM(RIGHT(K25,2))) | T25: =IFERROR(MID(RIGHT(L25,2),FIND("-",RIGHT(L25,2),1)+1,2),TRIM(RIGHT(L25,2)))
